Date,Price_XST,Price_XQQ,Delta %,Signal
2026-07-03,66.46,72.28,8.052019922523531,
2026-07-02,66.53,71.38,6.794620341832439,
2026-06-30,67.03,73.75,9.11186440677966,
2026-06-29,67.74,72.46,6.5139387248136895,
2026-06-26,68.8,70.6,2.549575070821526,
2026-06-25,69.58,71.25,2.3438596491228094,
2026-06-24,69.12,71.15,2.8531271960646536,
2026-06-23,67.52,71.5,5.566433566433572,
2026-06-22,64.78,73.99,12.447628057845646,
2026-06-19,65.61,73.85,11.157752200406222,
2026-06-18,65.98,74.15,11.018206338503035,
2026-06-17,65.97,72.34,8.805640033176672,
2026-06-16,66.15,73.11,9.519901518260147,
2026-06-15,66.31,74.49,10.981339777151286,
2026-06-12,66.46,72.29,8.064739244708829,
2026-06-11,67.12,71.79,6.505084273575709,
2026-06-10,66.73,69.5,3.9856115107913612,
2026-06-09,66.7,70.91,5.9371033704696,
2026-06-08,65.44,71.75,8.794425087108017,
2026-06-05,66.36,70.74,6.191687871077178,
2026-06-04,64.54,74.23,13.054021285194661,
2026-06-03,64.36,74.63,13.76122202867479,
2026-06-02,63.37,74.83,15.314713350260591,
2026-06-01,63.59,74.48,14.621374865735767,
2026-05-29,63.38,74.05,14.409182984469945,
2026-05-28,63.13,73.77,14.423207265826207,
2026-05-27,63.11,73.17,13.748804154708216,
2026-05-26,62.34,73.22,14.859328052444681,
2026-05-25,63.38,73.09,13.284991106854562,
2026-05-22,63.26,71.95,12.077831827658102,
2026-05-21,63.52,71.64,11.334450027917361,
2026-05-20,63.68,71.51,10.949517549993015,
2026-05-19,63.02,70.37,10.444791814693763,
2026-05-15,62.47,71.08,12.11311198649409,
2026-05-14,62.68,72.2,13.18559556786704,
2026-05-13,62.03,71.65,13.42637822749477,
2026-05-12,62.36,70.88,12.02031602708803,
2026-05-11,61.69,71.51,13.732345126555737,
2026-05-08,62.97,71.29,11.670641043624641,
2026-05-07,62.66,69.66,10.048808498420902,
2026-05-06,62.31,69.75,10.666666666666663,
2026-05-05,63.67,68.34,6.833479660520927,
2026-05-04,63.2,67.49,6.356497258853152,
2026-05-01,64.07,67.59,5.207870986832386,
2026-04-30,63.91,66.96,4.554958183990438,
2026-04-29,62.49,66.33,5.789235639981903,
2026-04-28,62.53,66.03,5.300620929880357,
2026-04-27,62.5,66.7,6.296851574212897,
2026-04-24,63.18,66.65,5.206301575393857,
2026-04-23,62.93,65.46,3.8649556981362574,
2026-04-22,62.97,65.8,4.300911854103341,
2026-04-21,63.54,64.71,1.8080667593880309,
2026-04-20,63.11,64.99,2.892752731189407,
2026-04-17,62.8,65.19,3.6662064733854893,
2026-04-16,62.36,64.36,3.107520198881293,
2026-04-15,63.19,64.1,1.4196567862714458,
2026-04-14,62.91,63.22,0.490351154697884,
2026-04-13,63.22,62.14,1.7380109430318609,
2026-04-10,64.68,61.52,5.136540962288692,
2026-04-09,65.09,61.45,5.923515052888527,
2026-04-08,66.6,61.05,9.090909090909086,
2026-04-07,65.41,59.32,10.266351989211051,
2026-04-06,65.81,59.32,10.94066082265678,
2026-04-02,65.43,58.98,10.935910478128196,
2026-04-01,65.03,58.9,10.407470288624793,
2026-03-31,64.88,58.26,11.362856162032266,
2026-03-30,64.58,56.32,14.66619318181818,
2026-03-27,64.07,56.75,12.898678414096903,
2026-03-26,63.92,57.9,10.3972366148532,
2026-03-25,64.35,59.33,8.461149502781048,
2026-03-24,64.33,58.97,9.08936747498728,
2026-03-23,65.07,59.41,9.52701565393031,
2026-03-20,63.54,58.71,8.22687787429739,
2026-03-19,63.49,59.84,6.099598930481281,
2026-03-18,64.81,60.02,7.9806731089636775,
2026-03-17,66.34,60.88,8.968462549277268,
2026-03-16,66.91,60.63,10.357908626092684,
2026-03-13,65.57,59.93,9.410979476055386,
2026-03-12,64.63,60.3,7.180762852404642,
2026-03-11,64.63,61.34,5.3635474404955845,
2026-03-10,65.58,61.34,6.912292142158452,
2026-03-09,65.35,61.36,6.502607561929588,
2026-03-06,65.16,60.59,7.542498762171963,
2026-03-05,65.52,61.47,6.588579795021958,
2026-03-04,65.55,61.68,6.274319066147855,
2026-03-03,66.06,60.74,8.758643398090221,
2026-03-02,66.56,61.42,8.36860957342885,
2026-02-27,66.48,61.36,8.344198174706657,
2026-02-26,66.54,61.51,8.177532108600241,
2026-02-25,66.6,62.27,6.95358920828648,
2026-02-24,68.13,61.41,10.942843185148996,
2026-02-23,69.1,60.74,13.763582482713192,
2026-02-20,67.52,61.5,9.788617886178855,
2026-02-19,68.34,60.95,12.124692370795735,
2026-02-18,68.29,61.21,11.566737461199159,
2026-02-17,68.19,60.78,12.191510365251721,
2026-02-13,67.95,60.83,11.704750945257283,
2026-02-12,67.89,60.73,11.789889675613377,
2026-02-11,66.73,61.99,7.646394579770933,
2026-02-10,65.85,61.83,6.501698204754967,
2026-02-09,66.29,62.16,6.6441441441441595,
2026-02-06,66.2,61.67,7.3455488892492316,
2026-02-05,65.93,60.39,9.17370425567148,
2026-02-04,66.35,61.25,8.326530612244888,
2026-02-03,64.49,62.37,3.3990700657367285,
2026-02-02,62.83,63.33,0.7895152376440865,
2026-01-30,61.17,62.9,2.7503974562798046,
2026-01-29,61.69,63.67,3.1097848280194818,
2026-01-28,61.5,64.04,3.96627108057465,
2026-01-27,62.1,63.85,2.7407987470634296,
2026-01-26,63.37,63.32,0.07896399241945225,
2026-01-23,64.37,63.05,2.093576526566229,
2026-01-22,64.2,62.83,2.180487028489582,
2026-01-21,63.85,62.36,2.3893521488133453,
2026-01-20,63.05,61.51,2.5036579417980804,
2026-01-19,63.23,62.43,1.2814352074323196,
2026-01-16,63.14,62.9,0.3815580286168553,
2026-01-15,63.25,62.94,0.4925325707022597,
2026-01-14,63.45,62.74,1.131654446923814,
2026-01-13,63.35,63.42,0.1103752759381903,
2026-01-12,64.0,63.55,0.7081038552321052,
2026-01-09,63.28,63.5,0.34645669291338405,
2026-01-08,63.05,62.88,0.2703562340966835,
2026-01-07,62.47,63.22,1.1863334387851947,
2026-01-06,62.56,63.2,1.0126582278481022,
2026-01-05,63.03,62.55,0.7673860911271048,
2026-01-02,63.67,62.13,2.4786737485916612,
2025-12-31,63.56,62.29,2.0388505378070367,
2025-12-30,63.34,62.77,0.9080771068982002,
2025-12-29,64.03,64.43,0.6208288064566283,
2025-12-24,63.71,64.79,1.6669239080105036,
2025-12-23,63.96,64.57,0.9447111661762311,
2025-12-22,64.14,64.29,0.23331777881475452,
2025-12-19,63.89,63.97,0.1250586212286983,
2025-12-18,64.4,63.2,1.8987341772151944,
2025-12-17,63.76,62.3,2.343499197431783,
2025-12-16,63.68,63.51,0.26767438198709137,
2025-12-15,63.69,63.35,0.536700868192575,
2025-12-12,63.11,63.66,0.863964813069427,
2025-12-11,63.16,64.89,2.666050238865779,
2025-12-10,63.35,65.11,2.7031178006450594,
2025-12-09,63.61,64.85,1.912104857363138,
2025-12-08,63.73,64.73,1.5448787270199398,
2025-12-05,64.1,64.95,1.30869899923019,
2025-12-04,64.24,64.66,0.6495515001546578,
2025-12-03,63.46,64.72,1.9468479604449906,
2025-12-02,64.04,64.61,0.8822163751741111,
2025-12-01,64.95,64.12,1.2944479101684314,
2025-11-28,64.81,64.37,0.6835482367562493,
2025-11-27,64.8,63.9,1.4084507042253498,
2025-11-26,64.69,63.8,1.3949843260188097,
2025-11-25,64.53,63.25,2.0237154150197645,
2025-11-24,62.87,62.91,0.0635828962009206,
2025-11-21,63.92,61.25,4.35918367346939,
2025-11-20,63.0,60.83,3.5673187571921776,
2025-11-19,62.46,62.3,0.25682182985554364,
2025-11-18,62.14,61.99,0.24197451201806516,
2025-11-17,62.47,62.72,0.3985969387755102,
2025-11-14,62.11,63.24,1.7868437697659751,
2025-11-13,61.23,63.19,3.10175660705808,
2025-11-12,61.26,64.53,5.067410506741055,
2025-11-11,59.75,64.6,7.507739938080488,
2025-11-10,59.72,64.8,7.839506172839504,
2025-11-07,59.45,63.39,6.215491402429402,
2025-11-06,59.46,63.59,6.494731876081149,
2025-11-05,60.15,64.84,7.233189389265893,
2025-11-04,59.04,64.39,8.308743593725735,
2025-11-03,59.0,65.72,10.225197808886183,
2025-10-31,59.31,65.46,9.395050412465615,
2025-10-30,58.67,65.08,9.849416103257525,
2025-10-29,58.26,66.09,11.84748070812529,
2025-10-28,60.52,65.83,8.06623120157982,
2025-10-27,60.89,65.36,6.839045287637697,
2025-10-24,61.13,64.19,4.767097678766156,
2025-10-23,61.08,63.52,3.841309823677589,
2025-10-22,61.7,62.98,2.0323912353127884,
2025-10-21,61.11,63.63,3.9603960396039652,
2025-10-20,61.36,63.66,3.6129437637448905,
2025-10-17,61.9,62.84,1.4958625079567232,
2025-10-16,60.78,62.43,2.6429601153291666,
2025-10-15,60.4,62.69,3.652895198596266,
2025-10-14,60.24,62.24,3.2133676092544987,
2025-10-10,60.0,61.35,2.2004889975550146,
2025-10-09,59.31,63.55,6.671911880409119,
2025-10-08,59.25,63.66,6.927426955702162,
2025-10-07,58.99,62.91,6.231123827690343,
2025-10-06,58.95,63.27,6.827880512091039,
2025-10-03,60.1,62.8,4.299363057324834,
2025-10-02,60.0,63.09,4.897765097479796,
2025-10-01,59.69,62.88,5.073155216284995,
2025-09-30,59.72,62.54,4.509114166933164,
2025-09-29,59.57,62.38,4.504648925937804,
2025-09-26,58.91,62.08,5.106314432989693,
2025-09-25,59.24,61.83,4.188905062267502,
2025-09-24,59.52,62.1,4.1545893719806735,
2025-09-23,59.6,62.29,4.318510194252685,
2025-09-22,59.15,62.76,5.752071383046526,
2025-09-19,60.18,62.42,3.588593399551429,
2025-09-18,59.42,61.97,4.1148943036953325,
2025-09-17,59.33,61.32,3.2452707110241388,
2025-09-16,59.42,61.52,3.4135240572171677,
2025-09-15,59.77,61.58,2.9392659954530616,
2025-09-12,60.7,61.04,0.5570117955438996,
2025-09-11,60.97,60.83,0.2301495972382058,
2025-09-10,60.98,60.45,0.8767576509511894,
2025-09-09,61.2,60.44,1.2574454003970965,
2025-09-08,61.34,60.24,1.8260292164674656,
2025-09-05,61.98,59.93,3.4206574336726137,
2025-09-04,61.52,59.9,2.704507512520876,
2025-09-03,61.49,59.3,3.6930860033726898,
2025-09-02,60.3,58.91,2.359531488711595,
2025-08-29,60.61,59.36,2.1057951482479784,
2025-08-28,60.03,60.13,0.1663063362714143,
2025-08-27,60.34,59.76,0.9705488621151362,
2025-08-26,60.24,59.66,0.9721756620851584,
2025-08-25,60.93,59.45,2.4894869638351502,
2025-08-22,60.94,59.62,2.214022140221403,
2025-08-21,62.33,58.7,6.1839863713798895,
2025-08-20,62.37,59.02,5.676042019654345,
2025-08-19,62.2,59.36,4.784366576819413,
2025-08-18,61.74,60.17,2.6092737244473994,
2025-08-15,60.87,60.16,1.1801861702127674,
2025-08-14,60.57,60.48,0.14880952380952947,
2025-08-13,60.75,60.52,0.3800396563119578,
2025-08-12,61.66,60.48,1.9510582010582005,
2025-08-11,61.52,59.72,3.014065639651715,
2025-08-08,61.27,59.93,2.2359419322543026,
2025-08-07,60.86,59.37,2.5096850261074652,
2025-08-06,61.05,59.16,3.1947261663286013,
2025-08-05,60.74,58.43,3.9534485709395897,
2025-08-01,60.1,57.8,3.979238754325267,
2025-07-31,60.68,58.99,2.864892354636375,
2025-07-30,60.99,59.25,2.936708860759497,
2025-07-29,61.11,59.16,3.2961460446247517,
2025-07-28,60.74,59.28,2.46288798920378,
2025-07-25,61.1,59.1,3.3840947546531304,
2025-07-24,61.14,58.98,3.6622583926754895,
2025-07-23,60.95,58.77,3.709375531733877,
2025-07-22,61.16,58.62,4.332992152848856,
2025-07-21,61.34,58.87,4.1956854085272735,
2025-07-18,61.22,58.56,4.54234972677595,
2025-07-17,60.55,58.62,3.2923916751961784,
2025-07-16,59.71,58.19,2.6121326688434494,
2025-07-15,59.28,58.14,1.9607843137254912,
2025-07-14,60.06,58.08,3.409090909090916,
2025-07-11,59.65,57.87,3.0758596855019893,
2025-07-10,60.16,57.99,3.7420244869805046,
2025-07-09,60.39,58.1,3.941480206540446,
2025-07-08,60.28,57.68,4.5076282940360635,
2025-07-07,60.15,57.51,4.590505998956704,
2025-07-04,60.11,58.33,3.05160294873993,
2025-07-03,59.84,58.08,3.030303030303039,
2025-07-02,59.14,57.54,2.7806743135210312,
2025-06-30,60.05,57.66,4.144987859868194,
2025-06-27,59.51,57.3,3.856893542757419,
2025-06-26,59.7,57.06,4.626708727655101,
2025-06-25,59.88,56.56,5.86987270155587,
2025-06-24,61.03,56.52,7.979476291578198,
2025-06-23,60.4,55.67,8.49649721573558,
2025-06-20,59.71,55.06,8.445332364693058,
2025-06-19,60.0,54.91,9.269714077581504,
2025-06-18,59.83,55.32,8.152566883586402,
2025-06-17,59.76,55.34,7.98698951933501,
2025-06-16,59.84,55.88,7.086614173228348,
2025-06-13,60.14,55.09,9.16681793428934,
2025-06-12,60.54,55.81,8.475183658842496,
2025-06-11,59.94,55.72,7.573582196697773,
2025-06-10,60.63,55.88,8.500357909806729,
2025-06-09,59.72,55.55,7.50675067506751,
2025-06-06,59.94,55.49,8.019462966300226,
2025-06-05,60.43,54.88,10.112973760932938,
2025-06-04,60.57,55.4,9.33212996389892,
2025-06-03,61.31,55.25,10.968325791855207,
2025-06-02,62.06,54.79,13.26884467968608,
2025-05-30,61.12,54.4,12.352941176470585,
2025-05-29,61.26,54.48,12.444933920704848,
2025-05-28,61.5,54.41,13.030692887336896,
2025-05-27,61.31,54.6,12.28937728937729,
2025-05-26,59.99,54.45,10.174471992653809,
2025-05-23,59.66,53.34,11.848518935133095,
2025-05-22,59.37,53.87,10.209764247261928,
2025-05-21,59.38,53.83,10.310235927921243,
2025-05-20,59.67,54.55,9.385884509624207,
2025-05-16,58.85,54.75,7.4885844748858466,
2025-05-15,58.55,54.43,7.5693551350358215,
2025-05-14,57.55,54.44,5.712711241734018,
2025-05-13,57.99,54.09,7.210205213532997,
2025-05-12,58.26,53.3,9.305816135084429,
2025-05-09,59.0,51.21,15.211872681116967,
2025-05-08,59.07,51.23,15.30353308608238,
2025-05-07,60.46,50.73,19.179972402917414,
2025-05-06,59.88,50.5,18.57425742574258,
2025-05-05,59.96,50.94,17.707106399685912,
2025-05-02,59.65,51.32,16.231488698363208,
2025-05-01,59.33,50.46,17.578279825604433,
2025-04-30,60.1,49.92,20.392628205128204,
2025-04-29,59.1,49.92,18.389423076923077,
2025-04-28,59.2,49.61,19.330780084660358,
2025-04-25,58.87,49.63,18.61777150916783,
2025-04-24,58.71,49.09,19.596659197392537,
2025-04-23,59.03,47.78,23.545416492256173,
2025-04-22,59.29,46.81,26.66096987823114,
2025-04-21,58.72,45.67,28.574556601707897,
2025-04-17,58.22,46.78,24.45489525438221,
2025-04-16,57.63,46.79,23.167343449455018,
2025-04-15,57.14,48.16,18.646179401993365,
2025-04-14,57.23,48.1,18.981288981288973,
2025-04-11,56.42,47.8,18.03347280334729,
2025-04-10,54.72,46.97,16.499893549073878,
2025-04-09,55.01,48.97,12.334082091076167,
2025-04-08,54.41,43.84,24.110401459853996,
2025-04-07,54.9,44.58,23.149394347240918,
2025-04-04,56.52,44.57,26.81175678707651,
2025-04-03,57.91,47.4,22.172995780590714,
2025-04-02,57.43,50.07,14.699420810864789,
2025-04-01,56.7,49.7,14.084507042253518,
2025-03-31,56.42,49.31,14.418981950922733,
2025-03-28,55.35,49.36,12.135332252836308,
2025-03-27,55.14,50.67,8.821788040260508,
2025-03-26,54.85,51.0,7.54901960784314,
2025-03-25,55.4,51.92,6.702619414483816,
2025-03-24,54.86,51.62,6.276636962417672,
2025-03-21,54.48,50.59,7.6892666534888185,
2025-03-20,54.57,50.36,8.359809372517873,
2025-03-19,54.49,50.5,7.900990099009905,
2025-03-18,53.0,49.9,6.212424849699402,
2025-03-17,53.34,50.75,5.103448275862076,
2025-03-14,53.26,50.44,5.5908009516256945,
2025-03-13,52.94,49.21,7.579760211339153,
2025-03-12,53.47,50.16,6.598883572567788,
2025-03-11,53.52,49.62,7.859733978234594,
2025-03-10,54.96,49.71,10.561255280627641,
2025-03-07,55.28,51.76,6.800618238021644,
2025-03-06,55.27,51.34,7.65485001947799,
2025-03-05,54.37,52.81,2.9539859875023575,
2025-03-04,53.88,52.13,3.3569921350469976,
2025-03-03,54.08,52.25,3.502392344497604,
2025-02-28,54.6,53.5,2.056074766355143,
2025-02-27,54.11,52.66,2.753513102924426,
2025-02-26,54.43,54.1,0.6099815157116419,
2025-02-25,54.37,54.0,0.6851851851851805,
2025-02-24,53.43,54.66,2.250274423710203,
2025-02-21,52.32,55.33,5.440086752213985,
2025-02-20,52.45,56.49,7.151708266949901,
2025-02-19,53.11,56.74,6.397603101868175,
2025-02-18,52.83,56.71,6.841826838300127,
2025-02-14,52.77,56.61,6.783253842077365,
2025-02-13,53.17,56.39,5.710232310693383,
2025-02-12,52.74,55.58,5.1097517092479245,
2025-02-11,52.63,55.56,5.273578113750899,
2025-02-10,52.8,55.69,5.189441551445503,
2025-02-07,52.96,55.05,3.7965485921889126,
2025-02-06,53.26,55.76,4.483500717360115,
2025-02-05,53.6,55.47,3.3711916351180773,
2025-02-04,53.6,55.28,3.039073806078147,
2025-02-03,53.18,54.59,2.582890639311236,
2025-01-31,53.74,55.02,2.326426753907672,
2025-01-30,54.04,55.1,1.9237749546279534,
2025-01-29,53.86,54.88,1.8586005830903845,
2025-01-28,53.5,54.99,2.7095835606473937,
2025-01-27,53.85,54.12,0.4988913525498818,
2025-01-24,54.06,55.8,3.118279569892464,
2025-01-23,54.35,56.11,3.1366957761539798,
2025-01-22,53.77,56.02,4.016422706176366,
2025-01-21,53.17,55.27,3.7995295820517487,
2025-01-20,53.32,55.61,4.117964394893003,
2025-01-17,53.35,54.95,2.91173794358508,
2025-01-16,52.99,54.09,2.033647624329823,
2025-01-15,52.52,54.46,3.5622475211164115,
2025-01-14,52.34,53.25,1.708920187793421,
2025-01-13,53.22,53.28,0.11261261261261689,
2025-01-10,53.69,53.49,0.3739016638623962,
2025-01-09,54.26,54.35,0.16559337626495566,
2025-01-08,54.23,54.3,0.12891344383057143,
2025-01-07,54.19,54.29,0.1841959845275399,
2025-01-06,54.4,55.32,1.6630513376717313,
2025-01-03,55.27,54.69,1.0605229475224087,
2025-01-02,55.0,53.82,2.1924934968413226,
2024-12-31,55.01,53.95,1.9647822057460522,
2024-12-30,54.81,54.45,0.6611570247933873,
2024-12-27,57.44,55.19,4.076825511868092,
2024-12-24,57.56,56.03,2.7306799928609693,
2024-12-23,57.63,55.27,4.26994753030577,
2024-12-20,57.44,54.73,4.951580486022293,
2024-12-19,57.45,54.26,5.8791006266126145,
2024-12-18,57.5,54.5,5.5045871559633035,
2024-12-17,57.77,56.6,2.0671378091872823,
2024-12-16,58.3,56.8,2.6408450704225355,
2024-12-13,58.52,56.0,4.500000000000005,
2024-12-12,58.6,55.62,5.357784969435462,
2024-12-11,58.5,55.94,4.576331784054348,
2024-12-10,58.41,54.96,6.277292576419207,
2024-12-09,58.47,55.09,6.135414775821375,
2024-12-06,58.51,55.58,5.271680460597337,
2024-12-05,58.8,55.05,6.811989100817439,
2024-12-04,58.35,55.24,5.62997827661115,
2024-12-03,58.23,54.56,6.7265395894428055,
2024-12-02,57.67,54.4,6.011029411764712,
2024-11-29,57.09,53.89,5.938021896455748,
2024-11-28,57.37,53.91,6.418104247820443,
2024-11-27,57.15,53.34,7.142857142857133,
2024-11-26,56.06,53.79,4.2201152630600545,
2024-11-25,55.64,53.5,4.000000000000001,
2024-11-22,55.79,53.42,4.4365406214900736,
2024-11-21,55.72,53.34,4.461942257217839,
2024-11-20,55.22,53.12,3.953313253012051,
2024-11-19,54.83,53.16,3.141459744168551,
2024-11-18,55.34,52.79,4.830460314453503,
2024-11-15,56.08,52.43,6.961663169940871,
2024-11-14,56.41,53.73,4.987902475339661,
2024-11-13,55.92,54.08,3.402366863905332,
2024-11-12,56.5,54.19,4.262779110537004,
2024-11-11,55.99,54.28,3.150331613854091,
2024-11-08,56.04,54.3,3.2044198895027667,
2024-11-07,56.14,54.25,3.483870967741937,
2024-11-06,55.75,53.4,4.400749063670415,
2024-11-05,54.92,51.99,5.635699172917867,
2024-11-04,54.19,51.32,5.592361652377236,
2024-11-01,54.3,51.51,5.416423995340709,
2024-10-31,53.93,51.15,5.4349951124144695,
2024-10-30,54.9,52.45,4.671115347950421,
2024-10-29,54.13,52.92,2.2864701436130024,
2024-10-28,54.58,52.38,4.2000763650248105,
2024-10-25,53.85,52.38,2.8064146620847628,
2024-10-24,54.1,52.09,3.8587060856210367,
2024-10-23,54.47,51.64,5.4802478698683155,
2024-10-22,54.86,52.47,4.55498380026682,
2024-10-21,54.77,52.39,4.542851689253679,
2024-10-18,55.19,52.31,5.505639457082767,
2024-10-17,55.16,51.98,6.1177375913813,
2024-10-16,55.16,51.92,6.240369799691823,
2024-10-15,54.87,51.85,5.82449373191899,
2024-10-11,54.73,52.19,4.866832726575971,
2024-10-10,54.92,52.13,5.352004603874926,
2024-10-09,54.79,52.2,4.961685823754782,
2024-10-08,54.62,51.75,5.545893719806759,
2024-10-07,54.28,50.99,6.452245538340849,
2024-10-04,54.45,51.57,5.584642233856899,
2024-10-03,54.62,50.96,7.182103610675032,
2024-10-02,54.87,51.0,7.588235294117641,
2024-10-01,55.39,50.92,8.778476040848387,
2024-09-30,55.63,51.57,7.87279426022882,
2024-09-27,55.27,51.49,7.341231307049914,
2024-09-26,55.29,51.81,6.716850028951933,
2024-09-25,55.17,51.38,7.376411054885167,
2024-09-24,55.17,51.35,7.439143135345668,
2024-09-23,55.32,51.11,8.237135589904131,
2024-09-20,54.88,50.99,7.628946852323986,
2024-09-19,54.55,51.09,6.772362497553325,
2024-09-18,54.91,49.81,10.23890784982934,
2024-09-17,54.92,50.02,9.796081567373047,
2024-09-16,55.8,50.01,11.577684463107376,
2024-09-13,55.51,50.28,10.401750198886232,
2024-09-12,55.74,49.97,11.546928156894143,
2024-09-11,55.12,49.54,11.263625353249896,
2024-09-10,54.92,48.5,13.237113402061858,
2024-09-09,55.14,48.04,14.779350541215658,
2024-09-06,54.77,47.46,15.402444163506116,
2024-09-05,54.57,48.73,11.984403857993032,
2024-09-04,54.26,48.78,11.234112341123405,
2024-09-03,54.17,48.8,11.004098360655748,
2024-08-30,54.41,50.4,7.956349206349203,
2024-08-29,54.4,49.82,9.193095142513044,
2024-08-28,54.57,49.86,9.446450060168473,
2024-08-27,54.68,50.45,8.384539147670955,
2024-08-26,54.58,50.2,8.725099601593616,
2024-08-23,54.47,50.78,7.266640409610078,
2024-08-22,54.32,50.26,8.077994428969363,
2024-08-21,54.56,51.07,6.833757587624832,
2024-08-20,54.57,50.82,7.378984651711924,
2024-08-19,54.61,50.94,7.204554377699257,
2024-08-16,55.15,50.29,9.663949095247563,
2024-08-15,55.36,50.22,10.234966148944645,
2024-08-14,54.55,49.05,11.213047910295618,
2024-08-13,54.22,48.99,10.675648091447227,
2024-08-12,53.15,47.81,11.169211462037222,
2024-08-09,53.16,47.7,11.44654088050313,
2024-08-08,53.26,47.52,12.079124579124567,
2024-08-07,52.77,46.06,14.567954841511074,
2024-08-06,53.55,46.63,14.840231610551136,
2024-08-02,54.18,47.53,13.991163475699556,
2024-08-01,54.61,48.74,12.04349610176446,
2024-07-31,55.26,49.93,10.674944922892045,
2024-07-30,54.99,48.47,13.451619558489794,
2024-07-29,54.69,49.14,11.29426129426129,
2024-07-26,54.77,49.09,11.570584640456303,
2024-07-25,54.66,48.56,12.561779242174618,
2024-07-24,54.69,49.1,11.38492871690427,
2024-07-23,54.6,50.98,7.100823852491183,
2024-07-22,54.45,51.18,6.389214536928494,
2024-07-19,54.14,50.38,7.463279078999599,
2024-07-18,53.78,50.86,5.741250491545422,
2024-07-17,53.57,51.11,4.813148111915478,
2024-07-16,53.67,52.62,1.9954389965792556,
2024-07-15,53.66,52.64,1.9376899696048555,
2024-07-12,53.74,52.43,2.4985695212664547,
2024-07-11,53.39,52.22,2.2405208732286512,
2024-07-10,53.44,53.35,0.16869728209933701,
2024-07-09,52.79,52.8,0.018939393939390172,
2024-07-08,52.81,52.74,0.13272658323852915,
2024-07-05,52.34,52.65,0.5887939221272463,
2024-07-04,52.28,52.14,0.2685078634445734,
2024-07-03,52.3,52.15,0.2876318312559896,
2024-07-02,52.02,51.65,0.7163601161665142,
2024-06-28,51.45,50.82,1.2396694214876083,
2024-06-27,51.61,51.05,1.0969637610186136,
2024-06-26,51.34,51.03,0.6074857926709822,
2024-06-25,51.61,50.85,1.4945919370698093,
2024-06-24,51.31,50.41,1.7853600476096125,
2024-06-21,50.6,50.99,0.7648558540890382,
2024-06-20,50.25,51.08,1.6249021143304585,
2024-06-19,50.07,51.6,2.9651162790697696,
2024-06-18,50.31,51.54,2.3864959254947555,
2024-06-17,50.49,51.51,1.9801980198019726,
2024-06-14,50.23,50.9,1.3163064833005929,
2024-06-13,51.09,50.7,0.7692307692307703,
2024-06-12,51.37,50.39,1.9448303234768742,
2024-06-11,50.87,49.68,2.3953301127214126,
2024-06-10,51.2,49.35,3.7487335359675815,
2024-06-07,51.85,49.16,5.4719283970707995,
2024-06-06,51.64,49.18,5.002033346888981,
2024-06-05,51.51,49.2,4.695121951219502,
2024-06-04,51.17,48.25,6.051813471502594,
2024-06-03,50.76,48.11,5.508210351278318,
2024-05-31,50.26,47.92,4.883138564273782,
2024-05-30,50.16,47.94,4.630788485607007,
2024-05-29,50.04,48.46,3.260420965744941,
2024-05-28,50.32,48.81,3.0936283548453143,
2024-05-27,50.98,48.87,4.31757724575404,
2024-05-24,51.06,48.63,4.996915484268969,
2024-05-23,50.75,48.17,5.356030724517331,
2024-05-22,50.41,48.36,4.239040529363105,
2024-05-21,50.1,48.43,3.448275862068969,
2024-05-17,50.19,47.94,4.693366708385482,
2024-05-16,50.23,48.0,4.645833333333327,
2024-05-15,50.01,48.11,3.9492828933693587,
2024-05-14,50.07,47.38,5.677501055297589,
2024-05-13,49.74,47.07,5.6724028043339745,
2024-05-10,49.83,46.98,6.066411238825036,
2024-05-09,49.47,46.87,5.547258374226587,
2024-05-08,49.5,46.8,5.769230769230775,
2024-05-07,49.04,46.82,4.741563434429728,
2024-05-06,49.29,46.79,5.343022013250695,
2024-05-03,48.94,46.28,5.747623163353492,
2024-05-02,48.76,45.34,7.543008381120411,
2024-05-01,48.47,44.81,8.167819683106442,
2024-04-30,48.56,45.14,7.576428887904302,
2024-04-29,48.94,46.03,6.321963936563104,
2024-04-26,48.92,45.84,6.719022687609071,
2024-04-25,48.83,45.14,8.174568010633578,
2024-04-24,48.82,45.36,7.627865961199297,
2024-04-23,48.58,45.2,7.477876106194679,
2024-04-22,48.31,44.46,8.659469185784978,
2024-04-19,47.64,44.07,8.10074880871341,
2024-04-18,47.57,45.0,5.711111111111112,
2024-04-17,47.78,45.29,5.497902406712303,
2024-04-16,47.52,45.85,3.6423118865866995,
2024-04-15,47.9,45.84,4.493891797556708,
2024-04-12,47.52,46.61,1.9523707358935931,
2024-04-11,47.74,47.43,0.6535947712418348,
2024-04-10,47.92,46.66,2.700385769395639,
2024-04-09,48.21,47.05,2.4654622741764163,
2024-04-08,48.15,46.87,2.730957968850013,
2024-04-05,48.15,46.91,2.643359624813477,
2024-04-04,47.34,46.31,2.2241416540703973,
2024-04-03,48.12,47.07,2.2307202039515555,
2024-04-02,48.13,46.95,2.5133120340788064,
2024-04-01,48.53,47.37,2.448807261980164,
2024-03-28,48.79,47.29,3.171917953055614,
2024-03-27,48.92,47.35,3.315733896515312,
2024-03-26,48.89,47.19,3.6024581479126994,
2024-03-25,48.98,47.36,3.420608108108103,
2024-03-22,48.91,47.54,2.8817837610433266,
2024-03-21,49.0,47.47,3.2230882662734386,
2024-03-20,49.38,47.22,4.5743329097839975,
2024-03-19,49.58,46.7,6.167023554603844,
2024-03-18,49.27,46.6,5.729613733905583,
2024-03-15,49.64,46.15,7.56229685807151,
2024-03-14,49.58,46.7,6.167023554603844,
2024-03-13,50.12,46.81,7.0711386455885386,
2024-03-12,50.01,47.18,5.9983043662568845,
2024-03-11,49.71,46.5,6.903225806451614,
2024-03-08,49.67,46.71,6.336972810961251,
2024-03-07,50.07,47.39,5.65520151930787,
2024-03-06,49.11,46.68,5.205655526992287,
2024-03-05,48.76,46.38,5.1315222078482,
2024-03-04,48.89,47.24,3.4928027095681595,
2024-03-01,49.43,47.41,4.260704492723061,
2024-02-29,49.53,46.73,5.991868178900074,
2024-02-28,49.94,46.31,7.838479809976237,
2024-02-27,50.19,46.56,7.79639175257731,
2024-02-26,49.97,46.45,7.578040904198054,
2024-02-23,49.95,46.49,7.442460744246077,
2024-02-22,49.82,46.62,6.86400686400687,
2024-02-21,48.84,45.25,7.933701657458571,
2024-02-20,48.95,45.4,7.819383259911904,
2024-02-16,48.36,45.79,5.612579165756716,
2024-02-15,48.34,46.23,4.564135842526512,
2024-02-14,48.15,46.14,4.356306892067615,
2024-02-13,47.04,45.58,3.2031592803861364,
2024-02-12,47.39,46.3,2.354211663066962,
2024-02-09,47.35,46.51,1.806063212212435,
2024-02-08,47.33,46.07,2.7349685261558454,
2024-02-07,47.41,45.95,3.177366702937962,
2024-02-06,47.41,45.49,4.220707847878643,
2024-02-05,47.28,45.6,3.6842105263157885,
2024-02-02,47.82,45.71,4.616057755414569,
2024-02-01,47.92,44.91,6.702293475840582,
2024-01-31,47.35,44.39,6.6681685064203675,
2024-01-30,47.67,45.28,5.27826855123675,
2024-01-29,47.79,45.57,4.871626069782749,
2024-01-26,47.56,45.1,5.454545454545457,
2024-01-25,47.86,45.39,5.441727252698829,
2024-01-24,47.95,45.33,5.779836752702415,
2024-01-23,48.01,45.09,6.475937014859158,
2024-01-22,47.69,44.89,6.2374693695700545,
2024-01-19,47.82,44.84,6.645851917930412,
2024-01-18,47.7,43.97,8.483056629520135,
2024-01-17,46.89,43.28,8.341035120147874,
2024-01-16,47.04,43.58,7.939421753097752,
2024-01-15,46.87,43.74,7.155921353452207,
2024-01-12,46.5,43.59,6.675843083275973,
2024-01-11,46.87,43.54,7.648139641708769,
2024-01-10,46.58,43.49,7.105081627960441,
2024-01-09,46.34,43.15,7.392815758980313,
2024-01-08,46.28,43.08,7.4280408542247045,
2024-01-05,46.17,42.21,9.381663113006399,
2024-01-04,46.19,42.16,9.558823529411768,
2024-01-03,46.28,42.35,9.279811097992916,
2024-01-02,46.34,42.83,8.195190287181894,
2023-12-29,46.33,43.57,6.334633922423681,
2023-12-28,46.05,43.76,5.233089579524678,
2023-12-27,45.97,43.83,4.882500570385582,
2023-12-22,45.55,43.53,4.640477831380648,
2023-12-21,45.02,43.5,3.4942528735632257,
2023-12-20,44.88,43.0,4.37209302325582,
2023-12-19,45.09,43.65,3.29896907216496,
2023-12-18,44.54,43.44,2.532228360957646,
2023-12-15,44.37,43.12,2.898886827458256,
2023-12-14,44.69,42.93,4.0996971814581835,
2023-12-13,46.32,43.01,7.695884677981871,
2023-12-12,45.92,42.47,8.123381210266077,
2023-12-11,45.76,42.16,8.538899430740042,
2023-12-08,45.76,41.78,9.52608903781713,
2023-12-07,45.86,41.61,10.213890891612595,
2023-12-06,45.79,41.03,11.601267365342427,
2023-12-05,45.39,41.25,10.036363636363637,
2023-12-04,45.29,41.15,10.060753341433779,
2023-12-01,45.07,41.56,8.4456207892204,
2023-11-30,44.96,41.45,8.468033775633288,
2023-11-29,45.12,41.55,8.592057761732853,
2023-11-28,45.65,41.6,9.735576923076916,
2023-11-27,45.93,41.5,10.674698795180722,
2023-11-24,46.07,41.52,10.958574181117527,
2023-11-23,46.12,41.62,10.812109562710235,
2023-11-22,46.57,41.62,11.893320518981266,
2023-11-21,45.31,41.45,9.312424607961397,
2023-11-20,46.08,41.68,10.556621880998076,
2023-11-17,46.01,41.22,11.620572537603104,
2023-11-16,46.15,41.22,11.960213488597768,
2023-11-15,45.92,41.14,11.618862421001461,
2023-11-14,47.15,41.12,14.664396887159537,
2023-11-13,46.82,40.3,16.178660049627798,
2023-11-10,46.87,40.41,15.986142044048506,
2023-11-09,46.99,39.54,18.84167931208903,
2023-11-08,46.65,39.84,17.093373493975893,
2023-11-07,46.65,39.8,17.211055276381913,
2023-11-06,46.67,39.43,18.361653563276697,
2023-11-03,46.29,39.3,17.78625954198474,
2023-11-02,45.98,38.84,18.383110195674544,
2023-11-01,45.18,38.17,18.36520827875294,
2023-10-31,44.52,37.54,18.593500266382538,
2023-10-30,44.33,37.33,18.751674256630057,
2023-10-27,43.3,36.88,17.407809110629053,
2023-10-26,43.66,36.72,18.899782135076247,
2023-10-25,43.78,37.46,16.871329418045917,
2023-10-24,43.55,38.43,13.322924798334629,
2023-10-23,43.65,38.05,14.717477003942186,
2023-10-20,43.56,37.95,14.782608695652172,
2023-10-19,43.8,38.53,13.677653776278214,
2023-10-18,44.14,38.86,13.587236232629957,
2023-10-17,44.64,39.4,13.299492385786808,
2023-10-16,44.51,39.59,12.427380651679702,
2023-10-13,44.38,39.06,13.620071684587815,
2023-10-12,44.86,39.59,13.31144228340489,
2023-10-11,44.8,39.73,12.761137679335516,
2023-10-10,44.48,39.42,12.836123795027893,
2023-10-06,44.4,39.03,13.758647194465789,
2023-10-05,44.5,38.37,15.97602293458432,
2023-10-04,44.49,38.52,15.498442367601243,
2023-10-03,44.1,37.95,16.205533596837938,
2023-10-02,43.89,38.63,13.616360341703334,
2023-09-29,43.69,38.34,13.954094940010418,
2023-09-28,44.09,38.34,14.997391757955135,
2023-09-27,43.54,38.0,14.57894736842105,
2023-09-26,43.75,37.92,15.374472573839656,
2023-09-25,43.92,38.49,14.107560405300076,
2023-09-22,44.27,38.32,15.527139874739046,
2023-09-21,44.29,38.3,15.639686684073114,
2023-09-20,44.68,39.04,14.446721311475411,
2023-09-19,44.54,39.6,12.474747474747469,
2023-09-18,45.28,39.68,14.112903225806456,
2023-09-15,45.31,39.63,14.332576331062324,
2023-09-14,45.6,40.32,13.095238095238098,
2023-09-13,45.13,40.01,12.796800799800062,
2023-09-12,44.61,39.87,11.88863807373966,
2023-09-11,44.71,40.31,10.915405606549239,
2023-09-08,44.51,39.82,11.778001004520336,
2023-09-07,44.14,39.79,10.932395074139235,
2023-09-06,44.76,40.08,11.676646706586826,
2023-09-05,44.93,40.42,11.157842652152395,
2023-09-01,44.9,40.38,11.19366022783555,
2023-08-31,44.33,40.44,9.619188921859546,
2023-08-30,44.66,40.31,10.791366906474806,
2023-08-29,44.76,40.09,11.648790222000484,
2023-08-28,44.08,39.19,12.477672875733607,
2023-08-25,44.29,38.89,13.885317562355356,
2023-08-24,43.98,38.56,14.056016597510359,
2023-08-23,43.63,39.44,10.62373225152131,
2023-08-22,43.3,38.82,11.540443070582166,
2023-08-21,43.62,38.9,12.133676092544984,
2023-08-18,43.87,38.24,14.722803347280323,
2023-08-17,44.1,38.34,15.02347417840375,
2023-08-16,44.08,38.72,13.842975206611568,
2023-08-15,43.89,39.18,12.02143950995406,
2023-08-14,44.46,39.6,12.272727272727272,
2023-08-11,44.58,39.13,13.927932532583684,
2023-08-10,44.59,39.42,13.115169964485037,
2023-08-09,44.0,39.33,11.873887617594717,
2023-08-08,43.55,39.81,9.394624466214506,
2023-08-04,43.37,39.79,8.997235486303087,
2023-08-03,43.1,39.98,7.803901950975501,
2023-08-02,43.36,40.09,8.156647543028175,
2023-08-01,43.51,41.0,6.12195121951219,
2023-07-31,43.71,41.08,6.402142161635839,
2023-07-28,43.68,41.06,6.380905991232336,
2023-07-27,43.8,40.3,8.6848635235732,
2023-07-26,43.93,40.39,8.764545679623668,
2023-07-25,44.46,40.6,9.507389162561575,
2023-07-24,44.62,40.29,10.747083643584011,
2023-07-21,44.58,40.23,10.812826249067864,
2023-07-20,44.32,40.36,9.811694747274531,
2023-07-19,44.06,41.28,6.73449612403101,
2023-07-18,44.14,41.32,6.824782187802518,
2023-07-17,44.39,40.96,8.374023437499998,
2023-07-14,44.36,40.57,9.341878235149123,
2023-07-13,43.68,40.6,7.58620689655172,
2023-07-12,43.36,39.91,8.644450012528196,
2023-07-11,43.41,39.45,10.038022813688197,
2023-07-10,43.65,39.22,11.295257521672616,
2023-07-07,43.68,39.23,11.3433596737191,
2023-07-06,43.98,39.39,11.652703731911643,
2023-07-05,44.57,39.69,12.295288485764685,
2023-07-04,44.7,39.71,12.566104255854954,
2023-06-30,44.81,39.62,13.099444724886434,
2023-06-29,44.41,39.0,13.871794871794862,
2023-06-28,44.27,39.04,13.396516393442633,
2023-06-27,43.6,38.98,11.852231913801962,
2023-06-26,43.62,38.37,13.682564503518375,
2023-06-23,43.28,38.93,11.173901875160547,
2023-06-22,43.22,39.32,9.918616480162763,
2023-06-21,43.08,38.88,10.802469135802458,
2023-06-20,43.47,39.42,10.273972602739718,
2023-06-19,43.42,39.3,10.48346055979645,
2023-06-16,43.31,39.41,9.895965490992149,
2023-06-15,43.66,39.67,10.05797832114947,
2023-06-14,43.59,39.26,11.0290371879776,
2023-06-13,43.39,39.0,11.256410256410259,
2023-06-12,43.11,38.7,11.395348837209292,
2023-06-09,43.2,38.07,13.475177304964545,
2023-06-08,43.82,37.92,15.559071729957802,
2023-06-07,44.03,37.48,17.475987193169704,
2023-06-06,44.67,38.15,17.09043250327655,
2023-06-05,44.69,38.14,17.17357105401153,
2023-06-02,44.96,38.1,18.00524934383202,
2023-06-01,44.53,37.81,17.77307590584501,
2023-05-31,44.56,37.36,19.271948608137052,
2023-05-30,44.7,37.62,18.819776714513573,
2023-05-29,45.3,37.64,20.350690754516464,
2023-05-26,45.5,37.45,21.495327102803728,
2023-05-25,45.24,36.51,23.91125718981102,
2023-05-24,45.32,35.63,27.196182991860784,
2023-05-23,45.11,35.83,25.900083728718954,
2023-05-19,45.98,36.16,27.1570796460177,
2023-05-18,45.6,36.25,25.79310344827587,
2023-05-17,45.73,35.58,28.527262507026418,
2023-05-16,45.9,35.17,30.508956497014488,
2023-05-15,46.22,35.12,31.605922551252853,
2023-05-12,46.56,34.94,33.257012020606766,
2023-05-11,46.47,35.06,32.54420992584141,
2023-05-10,46.23,34.95,32.27467811158796,
2023-05-09,46.62,34.58,34.81781376518219,
2023-05-08,46.42,34.79,33.4291463064099,
2023-05-05,46.29,34.7,33.40057636887607,
2023-05-04,46.19,34.01,35.812996177594826,
2023-05-03,46.9,34.14,37.37551259519624,
2023-05-02,47.34,34.36,37.776484284051236,
2023-05-01,47.45,34.69,36.782934563274736,
2023-04-28,47.31,34.68,36.41868512110727,
2023-04-27,47.3,34.47,37.22077168552364,
2023-04-26,47.03,33.55,40.17883755588675,
2023-04-25,46.84,33.32,40.576230492196885,
2023-04-24,47.14,33.97,38.769502502207835,
2023-04-21,47.04,34.04,38.190364277320796,
2023-04-20,46.49,34.01,36.69508967950604,
2023-04-19,46.48,34.27,35.62882988036181,
2023-04-18,46.31,34.31,34.97522588166715,
2023-04-17,46.54,34.27,35.80391012547416,
2023-04-14,47.01,34.25,37.255474452554736,
2023-04-13,46.68,34.32,36.01398601398601,
2023-04-12,46.89,33.66,39.30481283422462,
2023-04-11,47.26,33.96,39.163722025912826,
2023-04-10,47.03,34.15,37.715959004392396,
2023-04-06,46.94,34.23,37.13117148699971,
2023-04-05,46.63,33.98,37.22778104767512,
2023-04-04,46.5,34.3,35.56851311953354,
2023-04-03,46.31,34.45,34.42670537010159,
2023-03-31,46.53,34.52,34.79142526071842,
2023-03-30,46.16,33.97,35.884604062408,
2023-03-29,45.64,33.66,35.591206179441485,
2023-03-28,45.13,33.07,36.46809797399456,
2023-03-27,44.83,33.19,35.070804459174454,
2023-03-24,44.11,33.46,31.829049611476385,
2023-03-23,43.81,33.39,31.20694818808027,
2023-03-22,43.64,33.0,32.24242424242424,
2023-03-21,43.51,33.4,30.269461077844312,
2023-03-20,43.73,32.93,32.79684178560582,
2023-03-17,43.37,32.83,32.10478221139202,
2023-03-16,43.77,32.98,32.71679805942998,
2023-03-15,43.51,32.09,35.587410408226845,
2023-03-14,43.54,32.01,36.01999375195252,
2023-03-13,43.13,31.23,38.10438680755684,
2023-03-10,43.54,31.02,40.361057382333975,
2023-03-09,44.32,31.48,40.78780177890724,
2023-03-08,44.88,32.02,40.16239850093691,
2023-03-07,44.91,31.86,40.96045197740112,
2023-03-06,45.07,32.28,39.622057001239156,
2023-03-03,45.04,32.23,39.745578653428495,
2023-03-02,44.59,31.58,41.19696010132997,
2023-03-01,44.75,31.3,42.97124600638978,
2023-02-28,44.96,31.63,42.14353461903257,
2023-02-27,44.94,31.61,42.170199304017714,
2023-02-24,45.35,31.38,44.518801784576176,
2023-02-23,45.28,31.94,41.76581089542893,
2023-02-22,45.36,31.62,43.45351043643263,
2023-02-21,44.96,31.61,42.23347042075293,
2023-02-17,45.65,32.41,40.8515890157359,
2023-02-16,45.3,32.64,38.78676470588234,
2023-02-15,45.27,33.26,36.10944076969334,
2023-02-14,45.03,33.0,36.45454545454545,
2023-02-13,45.09,32.73,37.763519706691135,
2023-02-10,44.67,32.24,38.5545905707196,
2023-02-09,44.26,32.45,36.39445300462248,
2023-02-08,43.97,32.75,34.25954198473282,
2023-02-07,43.33,33.35,29.92503748125936,
2023-02-06,43.77,32.67,33.976124885215796,
2023-02-03,43.7,32.97,32.54473764027905,
2023-02-02,43.48,33.51,29.752312742464937,
2023-02-01,43.89,32.36,35.630407911001235,
2023-01-31,44.7,31.69,41.05396023982329,
2023-01-30,44.49,31.22,42.50480461242795,
2023-01-27,44.7,31.86,40.30131826741997,
2023-01-26,44.68,31.55,41.61648177496038,
2023-01-25,45.09,30.96,45.63953488372094,
2023-01-24,45.07,31.05,45.15297906602254,
2023-01-23,44.65,31.11,43.52298296367727,
2023-01-20,44.69,30.45,46.765188834154344,
2023-01-19,44.88,29.64,51.417004048583,
2023-01-18,44.93,29.94,50.06680026720106,
2023-01-17,45.18,30.3,49.1089108910891,
2023-01-16,45.29,30.29,49.521294156487286,
2023-01-13,44.85,30.27,48.16650148662042,
2023-01-12,44.46,30.05,47.95341098169717,
2023-01-11,44.8,29.91,49.78268137746572,
2023-01-10,44.91,29.39,52.807077237155475,
2023-01-09,44.95,29.14,54.255319148936174,
2023-01-06,44.82,28.95,54.818652849740936,
2023-01-05,44.2,28.21,56.682027649769594,
2023-01-04,44.14,28.65,54.06631762652706,
2023-01-03,44.36,28.5,55.649122807017534,
2022-12-30,43.91,28.72,52.88997214484679,
2022-12-29,44.36,28.74,54.34933890048713,
2022-12-28,44.26,28.09,57.56496974012103,
2022-12-23,44.67,28.87,54.728091444405955,
2022-12-22,44.57,28.86,54.43520443520444,
2022-12-21,44.9,29.55,51.945854483925544,
2022-12-20,44.69,29.13,53.41572262272572,
2022-12-19,44.87,29.19,53.71702637889687,
2022-12-16,44.85,29.57,51.67399391274942,
2022-12-15,44.8,29.84,50.13404825737264,
2022-12-14,45.52,30.9,47.313915857605195,
2022-12-13,45.87,31.15,47.25521669341894,
2022-12-12,45.56,30.77,48.066298342541444,
2022-12-09,45.67,30.42,50.13149243918475,
2022-12-08,45.49,30.61,48.61156484808887,
2022-12-07,44.83,30.26,48.149372108393905,
2022-12-06,44.64,30.41,46.79381782308451,
2022-12-05,44.8,31.01,44.46952595936793,
2022-12-02,44.93,31.54,42.45402663284718,
2022-12-01,44.94,31.68,41.8560606060606,
2022-11-30,44.8,31.59,41.81703070591959,
2022-11-29,44.71,30.27,47.70399735711926,
2022-11-28,44.96,30.52,47.313237221494106,
2022-11-25,44.32,31.11,42.46223079395693,
2022-11-24,44.09,31.23,41.17835414665387,
2022-11-23,44.1,31.13,41.663989720526835,
2022-11-22,44.12,30.87,42.921930677032705,
2022-11-21,43.86,30.42,44.18145956607494,
2022-11-18,43.41,30.72,41.30859374999999,
2022-11-17,43.42,30.72,41.34114583333334,
2022-11-16,43.07,30.78,39.92852501624431,
2022-11-15,42.34,31.19,35.74863738377685,
2022-11-14,42.37,30.73,37.87829482590301,
2022-11-11,42.7,31.07,37.43160605085292,
2022-11-10,42.99,30.54,40.76620825147349,
2022-11-09,42.54,28.43,49.6306718255364,
2022-11-08,42.83,29.11,47.13156990724837,
2022-11-07,42.62,28.89,47.525095188646574,
2022-11-04,42.39,28.59,48.26862539349423,
2022-11-03,42.17,28.12,49.96443812233286,
2022-11-02,42.23,28.68,47.24546722454671,
2022-11-01,42.61,29.69,43.51633546648703,
2022-10-31,42.33,29.99,41.147049016338784,
2022-10-28,42.75,30.35,40.85667215815486,
2022-10-27,42.16,29.42,43.30387491502377,
2022-10-26,42.2,29.97,40.807474140807486,
2022-10-25,41.84,30.69,36.33105246008472,
2022-10-24,41.56,30.05,38.30282861896839,
2022-10-21,41.49,29.74,39.5090786819099,
2022-10-20,40.77,29.07,40.24767801857586,
2022-10-19,40.59,29.23,38.86418063633255,
2022-10-18,41.03,29.33,39.89089669280601,
2022-10-17,41.11,29.06,41.46593255333792,
2022-10-14,40.96,28.12,45.661450924608815,
2022-10-13,41.09,29.04,41.49449035812674,
2022-10-12,40.6,28.37,43.10891787099048,
2022-10-11,40.07,28.39,41.14124691792885,
2022-10-07,40.1,29.08,37.89546079779919,
2022-10-06,40.16,30.21,32.93611386957959,
2022-10-05,41.37,30.4,36.08552631578947,
2022-10-04,41.21,30.45,35.33661740558293,
2022-10-03,41.33,29.51,40.05421890884445,
2022-09-30,40.62,28.86,40.74844074844074,
2022-09-29,40.68,29.41,38.32029921795307,
2022-09-28,41.15,30.33,35.67424991757336,
2022-09-27,41.09,29.69,38.396766588076794,
2022-09-26,40.76,29.64,37.51686909581646,
2022-09-23,40.74,29.84,36.52815013404827,
2022-09-22,41.09,30.37,35.29799143891999,
2022-09-21,41.51,30.78,34.860298895386606,
2022-09-20,41.85,31.31,33.66336633663367,
2022-09-19,42.57,31.61,34.67257197089529,
2022-09-16,42.63,31.39,35.80758203249443,
2022-09-15,42.37,31.57,34.2096927462781,
2022-09-14,42.94,32.06,33.93636930754833,
2022-09-13,43.28,31.83,35.97235312598179,
2022-09-12,43.63,33.68,29.542755344418058,
2022-09-09,43.21,33.3,29.759759759759774,
2022-09-08,42.46,32.58,30.32535297728669,
2022-09-07,42.73,32.47,31.598398521712344,
2022-09-06,42.51,31.77,33.80547686496694,
2022-09-02,42.85,32.01,33.86441736957202,
2022-09-01,42.65,32.49,31.271160357032922,
2022-08-31,42.36,32.46,30.499075785582253,
2022-08-30,42.31,32.65,29.586523736600316,
2022-08-29,42.23,33.01,27.93093002120569,
2022-08-26,42.61,33.37,27.68954150434523,
2022-08-25,42.89,34.81,23.211720769893702,
2022-08-24,43.18,34.19,26.294238081310333,
2022-08-23,43.78,34.1,28.387096774193548,
2022-08-22,44.04,34.12,29.073856975381013,
2022-08-19,44.07,35.07,25.66295979469632,
2022-08-18,44.13,35.74,23.47509792949077,
2022-08-17,44.33,35.67,24.278104850014007,
2022-08-16,44.19,36.1,22.409972299168963,
2022-08-15,43.59,36.15,20.58091286307055,
2022-08-12,43.14,35.87,20.26763311959856,
2022-08-11,42.86,35.18,21.83058555997726,
2022-08-10,42.18,35.36,19.287330316742082,
2022-08-09,41.76,34.43,21.28957304676154,
2022-08-08,42.26,34.83,21.33218489807637,
2022-08-05,42.14,34.95,20.57224606580829,
2022-08-04,42.73,35.19,21.42654163114521,
2022-08-03,42.28,35.04,20.662100456621012,
2022-08-02,42.33,34.18,23.844353423054415,
2022-07-29,42.5,34.26,24.051371862230013,
2022-07-28,42.73,33.63,27.059173357121598,
2022-07-27,42.27,33.33,26.82268226822684,
2022-07-26,42.46,32.0,32.6875,
2022-07-25,41.95,32.63,28.562672387373585,
2022-07-22,41.88,32.79,27.721866422689857,
2022-07-21,41.66,33.37,24.8426730596344,
2022-07-20,41.56,32.89,26.360595925813325,
2022-07-19,41.33,32.41,27.522369639000317,
2022-07-18,41.17,31.42,31.03119032463399,
2022-07-15,41.51,31.7,30.94637223974763,
2022-07-14,41.79,31.15,34.157303370786515,
2022-07-13,42.21,31.09,35.76712769379222,
2022-07-12,41.75,31.1,34.244372990353696,
2022-07-11,41.42,31.38,31.994901210962407,
2022-07-08,41.68,32.09,29.884699283265796,
2022-07-07,41.55,32.05,29.6411856474259,
2022-07-06,40.69,31.32,29.9169859514687,
2022-07-05,41.17,31.16,32.124518613607194,
2022-07-04,40.77,30.65,33.017944535073426,
2022-06-30,40.35,30.48,32.38188976377953,
2022-06-29,40.66,30.87,31.7136378360868,
2022-06-28,40.67,30.83,31.9169639961077,
2022-06-27,41.22,31.8,29.622641509433954,
2022-06-24,41.07,32.08,28.02369077306734,
2022-06-23,40.43,31.04,30.25128865979382,
2022-06-22,39.76,30.58,30.019620667102682,
2022-06-21,40.32,30.59,31.807780320366135,
2022-06-20,40.06,30.17,32.78090818694067,
2022-06-17,40.06,29.81,34.384434753438455,
2022-06-16,39.95,29.47,35.56158805564983,
2022-06-15,40.79,30.75,32.65040650406504,
2022-06-14,40.48,29.97,35.06840173506839,
2022-06-13,40.78,29.94,36.20574482297929,
2022-06-10,41.22,31.42,31.19032463399108,
2022-06-09,41.95,32.58,28.759975445058334,
2022-06-08,41.86,33.55,24.769001490312974,
2022-06-07,42.06,33.75,24.622222222222227,
2022-06-06,42.27,33.48,26.254480286738374,
2022-06-03,42.39,33.31,27.25908135694986,
2022-06-02,42.39,34.23,23.83873794916741,
2022-06-01,41.88,33.31,25.728009606724704,
2022-05-31,42.26,33.57,25.886207923741427,
2022-05-30,42.24,34.07,23.980041091869687,
2022-05-27,42.1,33.64,25.148632580261594,
2022-05-26,41.65,32.58,27.839165131982814,
2022-05-25,41.17,31.67,29.996842437638144,
2022-05-24,40.94,31.23,31.09189881524175,
2022-05-20,40.75,31.4,29.77707006369427,
2022-05-19,40.56,31.49,28.802794537948568,
2022-05-18,40.59,31.6,28.4493670886076,
2022-05-17,42.24,33.33,26.732673267326746,
2022-05-16,42.68,32.47,31.444410224822917,
2022-05-13,42.3,32.79,29.002744739249763,
2022-05-12,41.76,31.58,32.23559214692844,
2022-05-11,40.68,31.66,28.490208464939986,
2022-05-10,41.59,32.7,27.186544342507645,
2022-05-09,41.68,32.32,28.960396039603957,
2022-05-06,41.6,33.66,23.58882947118243,
2022-05-05,41.58,34.12,21.864009378663546,
2022-05-04,42.22,35.9,17.60445682451254,
2022-05-03,42.37,34.68,22.174163783160317,
2022-05-02,42.71,34.68,23.154555940023073,
2022-04-29,42.72,34.0,25.647058823529406,
2022-04-28,43.15,35.7,20.86834733893556,
2022-04-27,42.68,34.5,23.71014492753623,
2022-04-26,42.57,34.51,23.355549116198212,
2022-04-25,43.04,35.95,19.72183588317106,
2022-04-22,42.88,35.45,20.95909732016925,
2022-04-21,42.99,36.52,17.716319824753555,
2022-04-20,43.48,37.28,16.630901287553638,
2022-04-19,43.81,37.82,15.838180856689588,
2022-04-18,42.81,36.97,15.796591831214506,
2022-04-14,42.92,37.03,15.906022144207402,
2022-04-13,43.18,37.83,14.142215173143013,
2022-04-12,43.58,37.08,17.529665587918018,
2022-04-11,43.84,37.21,17.81779091642032,
2022-04-08,43.67,38.1,14.619422572178479,
2022-04-07,43.71,38.65,13.091849935316954,
2022-04-06,43.19,38.62,11.833247022268257,
2022-04-05,43.17,39.44,9.45740365111563,
2022-04-04,42.66,40.33,5.777336969997517,
2022-04-01,42.23,39.54,6.803237228123414,
2022-03-31,42.76,39.56,8.088978766430726,
2022-03-30,42.31,40.06,5.616575137294059,
2022-03-29,42.37,40.5,4.617283950617278,
2022-03-28,42.06,39.88,5.466399197592777,
2022-03-25,41.63,39.27,6.0096765979118905,
2022-03-24,41.57,39.29,5.80300330872996,
2022-03-23,41.45,38.48,7.718295218295235,
2022-03-22,41.7,39.02,6.868272680676575,
2022-03-21,41.55,38.28,8.54231974921629,
2022-03-18,41.82,38.39,8.934618390205781,
2022-03-17,42.05,37.62,11.77565124933546,
2022-03-16,41.51,37.16,11.70613562970937,
2022-03-15,40.71,35.85,13.556485355648535,
2022-03-14,41.45,34.71,19.41803514837223,
2022-03-11,41.46,35.38,17.184850197851887,
2022-03-10,41.88,36.17,15.78656345037324,
2022-03-09,41.47,36.56,13.429978118161914,
2022-03-08,40.64,35.35,14.964639321074962,
2022-03-07,40.37,35.44,13.910835214446953,
2022-03-04,40.16,36.87,8.923243829671819,
2022-03-03,39.7,37.37,6.2349478191062495,
2022-03-02,39.23,37.96,3.3456269757639516,
2022-03-01,38.7,37.34,3.6422067487948557,
2022-02-28,39.22,37.99,3.2376941300342112,
2022-02-25,39.71,37.79,5.080709182323371,
2022-02-24,39.37,37.17,5.918751681463534,
2022-02-23,39.04,35.99,8.474576271186432,
2022-02-22,39.16,36.92,6.0671722643553485,
2022-02-18,39.67,37.28,6.410944206008586,
2022-02-17,39.9,37.73,5.751391465677185,
2022-02-16,40.0,38.9,2.8277634961439624,
2022-02-15,40.16,38.91,3.21254176304292,
2022-02-14,40.21,37.96,5.927291886195995,
2022-02-11,40.48,37.95,6.66666666666665,
2022-02-10,40.34,39.16,3.0132788559755026,
2022-02-09,40.78,40.04,1.8481518481518533,
2022-02-08,40.5,39.25,3.1847133757961785,
2022-02-07,40.21,38.77,3.7142120196027792,
2022-02-04,40.4,39.13,3.2455916176846302,
2022-02-03,40.42,38.61,4.687904687904694,
2022-02-02,40.74,40.26,1.1922503725782514,
2022-02-01,39.92,39.97,0.12509382036526687,
2022-01-31,39.61,39.7,0.22670025188917733,
2022-01-28,38.76,38.43,0.8587041373926576,
2022-01-27,38.72,37.21,4.058048911582903,
2022-01-26,38.34,37.72,1.64369034994699,
2022-01-25,38.2,37.72,1.2725344644750902,
2022-01-24,38.09,38.65,1.4489003880983058,
2022-01-21,37.72,38.5,2.025974025974029,
2022-01-20,38.24,39.55,3.3122629582806455,
2022-01-19,38.87,40.11,3.0914983794564996,
2022-01-18,39.2,40.59,3.4244887903424495,
2022-01-17,39.67,41.58,4.593554593554586,
2022-01-14,39.54,41.58,4.906204906204905,
2022-01-13,39.9,41.33,3.4599564481006526,
2022-01-12,40.07,42.38,5.450684285040118,
2022-01-11,39.81,42.22,5.708195168166737,
2022-01-10,39.78,41.58,4.329004329004323,
2022-01-07,40.05,41.53,3.563688899590667,
2022-01-06,40.34,41.97,3.883726471289005,
2022-01-05,40.04,42.06,4.802662862577278,
2022-01-04,40.38,43.39,6.937082277022351,
2021-12-31,40.7,43.47,6.372210720036799,
2021-12-30,40.91,43.75,6.491428571428578,
2021-12-29,41.38,45.54,9.134826526130867,
2021-12-24,41.22,44.86,8.11413285777976,
2021-12-23,41.22,45.01,8.420351033103753,
2021-12-22,41.05,44.67,8.103872845310061,
2021-12-21,40.88,44.16,7.427536231884045,
2021-12-20,40.15,43.12,6.887755102040814,
2021-12-17,40.38,43.65,7.491408934707895,
2021-12-16,40.08,43.85,8.597491448118593,
2021-12-15,40.02,44.99,11.046899310957988,
2021-12-14,39.97,44.01,9.17973187911838,
2021-12-13,39.58,44.42,10.895992796037827,
2021-12-10,39.66,45.13,12.120540660314658,
2021-12-09,39.99,44.62,10.376512774540556,
2021-12-08,39.2,45.3,13.465783664459149,
2021-12-07,39.49,45.11,12.4584349368211,
2021-12-06,39.21,43.79,10.459008906142952,
2021-12-03,38.62,43.45,11.116225546605305,
2021-12-02,38.67,44.22,12.550881953867021,
2021-12-01,38.1,43.82,13.053400273847556,
2021-11-30,38.11,44.64,14.628136200716849,
2021-11-29,38.84,45.34,14.336127040141156,
2021-11-26,38.44,44.3,13.227990970654627,
2021-11-25,39.34,45.53,13.595431583571266,
2021-11-24,39.11,45.23,13.530842361264641,
2021-11-23,39.7,45.07,11.914799201242506,
2021-11-22,39.74,45.27,12.215595316986969,
2021-11-19,40.08,45.82,12.52728066346574,
2021-11-18,40.51,45.54,11.04523495827844,
2021-11-17,40.57,45.06,9.964491788726146,
2021-11-16,40.88,45.03,9.216078170108814,
2021-11-15,40.62,44.71,9.147841646164176,
2021-11-12,40.48,44.74,9.521680822530184,
2021-11-11,40.42,44.27,8.69663428958663,
2021-11-10,40.43,44.18,8.488003621548213,
2021-11-09,40.51,44.78,9.535506922733369,
2021-11-08,39.95,45.1,11.419068736141904,
2021-11-05,39.97,45.15,11.472868217054263,
2021-11-04,39.64,45.12,12.14539007092198,
2021-11-03,39.03,44.54,12.370902559497077,
2021-11-02,38.9,44.07,11.731336510097575,
2021-11-01,38.34,43.9,12.665148063781311,
2021-10-29,38.3,43.74,12.437128486511213,
2021-10-28,38.27,43.53,12.083620491614973,
2021-10-27,38.06,43.08,11.652739090064987,
2021-10-26,38.74,42.96,9.82309124767225,
2021-10-25,39.2,42.83,8.475367732897492,
2021-10-22,38.98,42.4,8.06603773584906,
2021-10-21,38.49,42.73,9.922770886964651,
2021-10-20,38.54,42.48,9.274952919020711,
2021-10-19,38.65,42.52,9.101599247412992,
2021-10-18,38.67,42.27,8.516678495386802,
2021-10-15,38.63,41.85,7.694145758661884,
2021-10-14,38.57,41.59,7.2613609040634834,
2021-10-13,38.55,40.83,5.584129316678916,
2021-10-12,38.24,40.54,5.673408978786377,
2021-10-08,38.39,40.96,6.2744140625,
2021-10-07,38.67,41.12,5.958171206225671,
2021-10-06,38.54,40.84,5.631733594515191,
2021-10-05,38.48,40.56,5.128205128205141,
2021-10-04,38.11,40.02,4.772613693153432,
2021-10-01,38.1,40.84,6.709108716944177,
2021-09-30,38.46,40.62,5.3175775480059,
2021-09-29,38.37,40.77,5.886681383370139,
2021-09-28,37.68,40.85,7.76009791921665,
2021-09-27,38.05,42.03,9.469426600047594,
2021-09-24,38.32,42.39,9.60132106628922,
2021-09-23,38.27,42.35,9.634002361275085,
2021-09-22,38.47,41.95,8.295589988081058,
2021-09-21,38.51,41.55,7.316486161251502,
2021-09-20,38.11,41.51,8.190797398217294,
2021-09-17,38.68,42.4,8.773584905660375,
2021-09-16,39.25,42.89,8.486826766145956,
2021-09-15,39.25,42.86,8.422771815212318,
2021-09-14,39.5,42.54,7.146215326751292,
2021-09-13,39.5,42.65,7.385697538100818,
2021-09-10,39.79,42.68,6.7713214620431135,
2021-09-09,39.89,43.02,7.275685727568579,
2021-09-08,40.16,43.17,6.972434561037769,
2021-09-07,39.92,43.33,7.869836141241626,
2021-09-03,40.26,43.27,6.956320776519539,
2021-09-02,40.4,43.1,6.264501160092814,
2021-09-01,40.15,43.16,6.974050046339199,
2021-08-31,40.27,43.07,6.501044810773153,
2021-08-30,40.35,43.12,6.423933209647487,
2021-08-27,39.99,42.66,6.258790436005614,
2021-08-26,39.93,42.23,5.446365143263076,
2021-08-25,40.05,42.48,5.720338983050848,
2021-08-24,40.09,42.45,5.559481743227324,
2021-08-23,40.21,42.29,4.918420430361784,
2021-08-20,40.32,41.71,3.332534164468954,
2021-08-19,39.91,41.25,3.248484848484857,
2021-08-18,40.01,41.12,2.69941634241245,
2021-08-17,40.01,41.45,3.474065138721363,
2021-08-16,39.93,41.83,4.542194597179055,
2021-08-13,39.86,41.82,4.686752749880442,
2021-08-12,39.73,41.68,4.678502879078702,
2021-08-11,39.73,41.51,4.288123343772588,
2021-08-10,40.05,41.59,3.7028131762443044,
2021-08-09,39.84,41.81,4.711791437455151,
2021-08-06,39.86,41.73,4.48118859333812,
2021-08-05,39.92,41.92,4.770992366412213,
2021-08-04,39.82,41.67,4.43964482841373,
2021-08-03,39.84,41.59,4.207742245732147,
2021-07-30,39.28,41.32,4.9370764762826695,
2021-07-29,39.05,41.56,6.039461020211754,
2021-07-28,38.78,41.49,6.531694384188963,
2021-07-27,38.68,41.32,6.3891577928364,
2021-07-26,38.51,41.79,7.848767647762625,
2021-07-23,38.4,41.75,8.023952095808387,
2021-07-22,38.16,41.26,7.513330101793509,
2021-07-21,38.3,41.0,6.585365853658544,
2021-07-20,38.6,40.7,5.159705159705163,
2021-07-19,38.06,40.12,5.13459621136589,
2021-07-16,38.42,40.54,5.229403058707443,
2021-07-15,38.26,40.86,6.36319138521782,
2021-07-14,37.64,41.13,8.485290542183325,
2021-07-13,37.62,41.08,8.42259006815969,
2021-07-12,37.51,41.08,8.690360272638754,
2021-07-09,37.49,40.92,8.3822091886608,
2021-07-08,37.18,40.66,8.558780127889811,
2021-07-07,36.95,40.91,9.679784893669014,
2021-07-06,36.88,40.83,9.67425912319372,
2021-07-05,37.34,40.79,8.457955381220877,
2021-07-02,37.48,40.65,7.798277982779831,
2021-06-30,36.9,40.21,8.231783138522761,
2021-06-29,36.67,40.25,8.894409937888193,
2021-06-28,36.52,40.1,8.927680798004983,
2021-06-25,36.5,39.61,7.851552638222669,
2021-06-24,36.55,39.63,7.771889982336627,
2021-06-23,36.51,39.44,7.429006085192698,
2021-06-22,36.82,39.43,6.619325386761347,
2021-06-21,36.65,39.07,6.194010749936017,
2021-06-18,37.01,38.82,4.66254507985575,
2021-06-17,37.3,39.14,4.701073071027091,
2021-06-16,37.0,38.61,4.169904169904169,
2021-06-15,37.24,38.75,3.8967741935483824,
2021-06-14,37.0,39.01,5.152524993591382,
2021-06-11,37.11,38.65,3.984476067270373,
2021-06-10,37.11,38.54,3.710430721328489,
2021-06-09,36.91,38.14,3.224960671211337,
2021-06-08,37.11,38.13,2.675059008654611,
2021-06-07,36.93,38.11,3.0963001836788235,
2021-06-04,36.89,38.0,2.9210526315789456,
2021-06-03,37.12,37.36,0.6423982869379069,
2021-06-02,37.23,37.76,1.4036016949152572,
2021-06-01,37.1,37.69,1.5654019633855036,
2021-05-31,36.96,37.63,1.7804942864735627,
2021-05-28,37.35,37.78,1.138168343038644,
2021-05-27,37.1,37.72,1.643690349946971,
2021-05-26,37.25,37.8,1.4550264550264476,
2021-05-25,37.08,37.7,1.6445623342175186,
2021-05-21,36.9,37.03,0.35106670267351486,
2021-05-20,37.05,37.27,0.5902870941776387,
2021-05-19,36.66,36.54,0.3284072249589421,
2021-05-18,36.45,36.5,0.13698630136985523,
2021-05-17,36.36,36.76,1.0881392818280702,
2021-05-14,36.36,36.95,1.5967523680649618,
2021-05-13,36.0,36.16,0.44247787610618533,
2021-05-12,35.81,35.92,0.30623608017817217,
2021-05-11,35.84,36.87,2.7935991320856903,
2021-05-10,36.11,36.89,2.1143941447546792,
2021-05-07,35.7,37.83,5.6304520222045875,
2021-05-06,35.5,37.54,5.434203516249332,
2021-05-05,35.46,37.24,4.779806659505911,
2021-05-04,35.3,37.37,5.53920256890554,
2021-05-03,35.45,38.06,6.857593273778242,
2021-04-30,35.35,38.25,7.581699346405226,
2021-04-29,35.38,38.51,8.127759023630214,
2021-04-28,35.4,38.34,7.668231611893596,
2021-04-27,35.66,38.54,7.472755578619624,
2021-04-26,35.72,38.69,7.676402171103641,
2021-04-23,35.86,38.46,6.760270410816436,
2021-04-22,36.07,37.99,5.053961568833907,
2021-04-21,36.38,38.48,5.457380457380443,
2021-04-20,36.44,38.11,4.382051954867493,
2021-04-19,36.14,38.43,5.958886286755137,
2021-04-16,35.97,38.77,7.222078927005427,
2021-04-15,36.0,38.74,7.0727929788332515,
2021-04-14,35.84,38.16,6.07966457023059,
2021-04-13,35.94,38.64,6.98757763975156,
2021-04-12,36.14,38.16,5.29350104821802,
2021-04-09,35.97,38.23,5.911587758304991,
2021-04-08,36.05,37.99,5.106607001842602,
2021-04-07,36.2,37.63,3.800159447249534,
2021-04-06,35.98,37.53,4.130029309885437,
2021-04-05,35.99,37.54,4.128929142248261,
2021-04-01,35.84,36.8,2.608695652173896,
2021-03-31,35.52,36.17,1.797069394525846,
2021-03-30,35.71,35.59,0.33717336330429176,
2021-03-29,35.51,35.83,0.8931063354730682,
2021-03-26,34.91,35.86,2.6491912994980558,
2021-03-25,35.0,35.33,0.9340503821115151,
2021-03-24,34.97,35.4,1.2146892655367223,
2021-03-23,35.32,35.99,1.8616282300639113,
2021-03-22,34.83,36.13,3.5981179075560594,
2021-03-19,34.64,35.55,2.5597749648382466,
2021-03-18,34.73,35.36,1.7816742081448036,
2021-03-17,34.97,36.46,4.086670323642353,
2021-03-16,35.17,36.33,3.1929534819708136,
2021-03-15,34.87,36.12,3.460686600221484,
2021-03-12,34.75,35.74,2.7700055959709062,
2021-03-11,34.74,36.06,3.6605657237936775,
2021-03-10,34.63,35.23,1.7030939540164474,
2021-03-09,34.18,35.38,3.39174674957604,
2021-03-08,34.02,33.97,0.14718869590816683,
2021-03-05,33.66,34.98,3.7735849056603787,
2021-03-04,33.24,34.41,3.400174367916288,
2021-03-03,32.78,35.05,6.476462196861616,
2021-03-02,32.84,36.09,9.005264616237184,
2021-03-01,32.51,36.69,11.392750068138458,
2021-02-26,32.39,35.66,9.169938306225452,
2021-02-25,32.71,35.46,7.75521714608009,
2021-02-24,32.18,36.76,12.459194776931442,
2021-02-23,32.34,36.44,11.251372118551028,
2021-02-22,32.49,36.54,11.083743842364523,
2021-02-19,32.81,37.48,12.459978655282804,
2021-02-18,33.11,37.65,12.058432934926957,
2021-02-17,33.15,37.84,12.394291754756882,
2021-02-16,33.5,38.02,11.888479747501322,
2021-02-12,33.76,38.12,11.437565582371457,
2021-02-11,33.54,37.94,11.597258829731151,
2021-02-10,33.34,37.68,11.518046709129502,
2021-02-09,33.45,37.8,11.507936507936494,
2021-02-08,33.61,37.81,11.10817244115314,
2021-02-05,33.37,37.54,11.10815130527438,
2021-02-04,33.64,37.44,10.149572649572642,
2021-02-03,33.25,37.03,10.20793950850662,
2021-02-02,33.27,37.16,10.468245425188357,
2021-02-01,33.22,36.62,9.284543965046419,
2021-01-29,32.58,35.64,8.585858585858592,
2021-01-28,33.14,36.46,9.105869445968185,
2021-01-27,33.0,36.21,8.864954432477218,
2021-01-26,33.3,37.26,10.6280193236715,
2021-01-25,33.38,37.25,10.389261744966435,
2021-01-22,33.08,36.92,10.400866738894916,
2021-01-21,33.16,37.0,10.378378378378388,
2021-01-20,33.18,36.74,9.689711486118677,
2021-01-19,33.22,35.88,7.413600891861771,
2021-01-18,33.5,35.4,5.367231638418075,
2021-01-15,33.47,35.41,5.478678339452126,
2021-01-14,32.77,35.63,8.026943586865,
2021-01-13,33.13,35.84,7.561383928571431,
2021-01-12,34.23,35.64,3.9562289562289665,
2021-01-11,34.39,35.64,3.5072951739618405,
2021-01-08,34.55,36.21,4.584368958851156,
2021-01-07,34.25,35.75,4.195804195804196,
2021-01-06,34.41,34.86,1.2908777969019014,
2021-01-05,34.18,35.35,3.309759547383315,
2021-01-04,34.42,35.07,1.853435985172508,
2020-12-31,34.06,35.61,4.352709912945794,
2020-12-30,34.4,35.49,3.0712876866723113,
2020-12-29,34.59,35.53,2.645651562060224,
2020-12-24,34.58,35.14,1.5936254980079747,
2020-12-23,34.45,35.04,1.6837899543378891,
2020-12-22,34.6,35.2,1.7045454545454586,
2020-12-21,34.64,35.11,1.338649957277126,
2020-12-18,34.72,35.16,1.2514220705346921,
2020-12-17,34.83,35.27,1.2475191380777,
2020-12-16,34.93,35.02,0.2569960022844186,
2020-12-15,35.15,34.85,0.8608321377331338,
2020-12-14,35.4,34.56,2.4305555555555447,
2020-12-11,35.21,34.22,2.8930450029222734,
2020-12-10,35.04,34.33,2.0681619574716015,
2020-12-09,35.39,34.24,3.35864485981308,
2020-12-08,34.97,34.98,0.028587764436815353,
2020-12-07,34.9,34.84,0.172215843857621,
2020-12-04,34.88,34.68,0.5767012687427994,
2020-12-03,35.01,34.48,1.5371229698375903,
2020-12-02,34.58,34.46,0.34822983168890725,
2020-12-01,34.44,34.46,0.058038305281494854,
2020-11-30,34.45,34.02,1.2639623750734852,
2020-11-27,34.48,33.95,1.5611192930780382,
2020-11-26,34.34,33.69,1.9293558919560871,
2020-11-25,34.2,33.69,1.5138023152270856,
2020-11-24,34.29,33.48,2.419354838709684,
2020-11-23,34.48,33.0,4.4848484848484755,
2020-11-20,34.45,33.05,4.236006051437234,
2020-11-19,34.34,33.2,3.4337349397590375,
2020-11-18,34.53,32.99,4.668081236738403,
2020-11-17,35.1,33.2,5.722891566265056,
2020-11-16,34.97,33.29,5.0465605286872925,
2020-11-13,35.1,33.09,6.074342701722568,
2020-11-12,35.39,32.77,7.995117485505027,
2020-11-11,35.19,32.93,6.863042818098992,
2020-11-10,35.17,32.23,9.121936084393438,
2020-11-09,35.2,32.81,7.284364523011279,
2020-11-06,35.72,33.43,6.850134609632065,
2020-11-05,35.35,33.47,5.616970421272789,
2020-11-04,34.78,32.64,6.55637254901961,
2020-11-03,34.44,31.29,10.067114093959727,
2020-11-02,33.92,30.71,10.452621295994792,
2020-10-30,33.51,30.76,8.940182054616374,
2020-10-29,34.08,31.52,8.121827411167509,
2020-10-28,34.08,30.92,10.21992238033634,
2020-10-27,34.57,32.18,7.426973275326292,
2020-10-26,34.68,31.94,8.578584846587347,
2020-10-23,34.88,32.45,7.488443759630199,
2020-10-22,35.01,32.33,8.289514382926075,
2020-10-21,35.22,32.37,8.804448563484712,
2020-10-20,35.42,32.39,9.354739117011427,
2020-10-19,35.43,32.28,9.758364312267654,
2020-10-16,35.62,32.85,8.432267884322666,
2020-10-15,35.75,33.03,8.23493793521041,
2020-10-14,35.54,33.2,7.0481927710843255,
2020-10-13,35.65,33.47,6.513295488497162,
2020-10-09,35.79,32.5,10.12307692307692,
2020-10-08,35.98,32.02,12.367270455965002,
2020-10-07,36.09,31.9,13.134796238244531,
2020-10-06,36.04,31.32,15.070242656449548,
2020-10-05,36.29,31.91,13.726104669382636,
2020-10-02,36.0,31.22,15.310698270339529,
2020-10-01,36.12,32.14,12.38332296204106,
2020-09-30,36.18,31.68,14.204545454545455,
2020-09-29,36.27,31.44,15.362595419847333,
2020-09-28,36.27,31.48,15.216010165184251,
2020-09-25,36.16,30.95,16.83360258481421,
2020-09-24,36.09,30.16,19.661803713527863,
2020-09-23,36.08,29.99,20.306768922974324,
2020-09-22,36.08,31.02,16.312056737588648,
2020-09-21,35.03,30.42,15.154503616042076,
2020-09-18,34.76,30.34,14.568226763348708,
2020-09-17,34.76,30.75,13.040650406504058,
2020-09-16,34.54,31.23,10.598783221261602,
2020-09-15,35.04,31.75,10.362204724409446,
2020-09-14,34.92,31.3,11.565495207667736,
2020-09-11,34.8,30.77,13.097172570685725,
2020-09-10,34.73,30.95,12.213247172859443,
2020-09-09,34.89,31.62,10.3415559772296,
2020-09-08,33.85,30.67,10.36843821323769,
2020-09-04,34.01,32.29,5.326726540724679,
2020-09-03,34.46,32.72,5.317848410757953,
2020-09-02,34.81,34.5,0.8985507246376877,
2020-09-01,33.68,34.14,1.3473930872876416,
2020-08-31,33.87,33.62,0.74360499702558,
2020-08-28,34.3,33.33,2.910291029102907,
2020-08-27,34.92,33.16,5.307599517490969,
2020-08-26,34.88,33.26,4.870715574263394,
2020-08-25,35.03,32.6,7.453987730061348,
2020-08-24,35.43,32.34,9.554730983302399,
2020-08-21,35.36,32.16,9.950248756218915,
2020-08-20,35.36,31.93,10.742248668963358,
2020-08-19,35.4,31.52,12.309644670050758,
2020-08-18,35.34,31.72,11.412358133669624,
2020-08-17,35.39,31.39,12.742911755336095,
2020-08-14,35.47,31.05,14.235104669887273,
2020-08-13,35.35,31.1,13.665594855305466,
2020-08-12,35.26,31.04,13.595360824742265,
2020-08-11,35.19,30.28,16.215323645970926,
2020-08-10,35.14,30.85,13.905996758508909,
2020-08-07,35.26,31.01,13.70525636891324,
2020-08-06,35.39,31.36,12.850765306122453,
2020-08-05,35.03,30.96,13.145994832041344,
2020-08-04,34.95,30.87,13.21671525753159,
2020-07-31,35.03,30.33,15.496208374546663,
2020-07-30,35.29,29.84,18.264075067024127,
2020-07-29,34.98,29.69,17.81744695183562,
2020-07-28,34.83,29.35,18.67120954003406,
2020-07-27,34.75,29.72,16.924629878869453,
2020-07-24,34.63,29.21,18.555289284491618,
2020-07-23,34.94,29.5,18.44067796610169,
2020-07-22,34.62,30.28,14.332892998678984,
2020-07-21,34.55,30.2,14.403973509933769,
2020-07-20,35.13,30.52,15.104849279161217,
2020-07-17,35.1,29.68,18.261455525606472,
2020-07-16,34.85,29.67,17.458712504213008,
2020-07-15,34.73,29.82,16.465459423205893,
2020-07-14,34.43,29.82,15.459423205902075,
2020-07-13,34.02,29.57,15.049036185322972,
2020-07-10,33.95,30.21,12.380006620324401,
2020-07-09,33.77,29.98,12.641761174116088,
2020-07-08,33.45,29.7,12.626262626262639,
2020-07-07,33.69,29.34,14.826175869120647,
2020-07-06,33.95,29.56,14.85115020297701,
2020-07-03,33.46,28.89,15.818622360678436,
2020-07-02,33.41,28.85,15.805892547660294,
2020-06-30,33.07,28.34,16.690190543401553,
2020-06-29,33.47,27.78,20.482361411087105,
2020-06-26,32.91,27.49,19.716260458348483,
2020-06-25,33.39,28.18,18.488289567068847,
2020-06-24,33.14,27.88,18.866571018651367,
2020-06-23,33.02,28.5,15.85964912280703,
2020-06-22,33.4,28.29,18.06291975963238,
2020-06-19,34.1,28.0,21.785714285714292,
2020-06-18,33.52,27.98,19.799857040743397,
2020-06-17,33.16,27.91,18.81046219992833,
2020-06-16,33.4,27.83,20.01437297879986,
2020-06-15,33.03,27.31,20.94470889783963,
2020-06-12,32.97,27.01,22.065901517956302,
2020-06-11,32.68,26.81,21.894815367400227,
2020-06-10,33.29,28.18,18.13342796309439,
2020-06-09,32.5,27.82,16.822429906542055,
2020-06-08,32.5,27.59,17.796303008336352,
2020-06-05,33.23,27.44,21.10058309037899,
2020-06-04,32.78,26.9,21.858736059479565,
2020-06-03,33.39,27.09,23.255813953488374,
2020-06-02,32.87,26.96,21.92136498516319,
2020-06-01,32.71,26.83,21.915765933656367,
2020-05-29,33.44,26.72,25.149700598802394,
2020-05-28,32.96,26.31,25.275560623337146,
2020-05-27,32.36,26.37,22.715206674251036,
2020-05-26,32.71,26.27,24.514655500571,
2020-05-25,32.66,26.7,22.322097378277146,
2020-05-22,32.75,26.33,24.38283327003419,
2020-05-21,32.61,26.25,24.228571428571428,
2020-05-20,32.88,26.52,23.9819004524887,
2020-05-19,33.16,26.0,27.538461538461522,
2020-05-15,32.51,25.61,26.942600546661456,
2020-05-14,32.58,25.43,28.116397955171053,
2020-05-13,32.72,25.19,29.8928146089718,
2020-05-12,33.33,25.5,30.70588235294117,
2020-05-11,33.79,26.01,29.911572472126096,
2020-05-08,32.81,25.78,27.26920093095423,
2020-05-07,32.33,25.44,27.08333333333332,
2020-05-06,32.61,25.13,29.765220851571826,
2020-05-05,32.54,24.96,30.368589743589737,
2020-05-04,32.32,24.7,30.850202429149803,
2020-05-01,32.34,24.36,32.75862068965519,
2020-04-30,32.44,25.16,28.934817170111277,
2020-04-29,33.12,25.1,31.952191235059747,
2020-04-28,33.61,24.29,38.369699464800334,
2020-04-27,33.7,24.74,36.216653193209396,
2020-04-24,33.79,24.59,37.41358275721838,
2020-04-23,33.51,24.19,38.52831748656468,
2020-04-22,33.96,24.27,39.925834363411624,
2020-04-21,33.21,23.59,40.779991521831285,
2020-04-20,33.88,24.46,38.511856091578096,
2020-04-17,33.55,24.7,35.829959514170035,
2020-04-16,32.98,24.52,34.50244698205546,
2020-04-15,32.66,24.06,35.74397339983374,
2020-04-14,32.25,24.32,32.60690789473684,
2020-04-13,31.9,23.34,36.675235646958,
2020-04-09,31.94,23.08,38.388214904679394,
2020-04-08,32.6,23.05,41.431670281995665,
2020-04-07,32.7,22.57,44.88258750553833,
2020-04-06,32.26,22.64,42.4911660777385,
2020-04-03,30.88,21.11,46.28138323069635,
2020-04-02,30.88,21.41,44.2316674451191,
2020-04-01,30.46,21.02,44.90960989533778,
2020-03-31,30.81,21.91,40.62072113190323,
2020-03-30,30.11,22.11,36.18272274988693,
2020-03-27,30.19,21.3,41.737089201877936,
2020-03-26,30.72,22.17,38.5656292286874,
2020-03-25,29.71,20.92,42.0172084130019,
2020-03-24,29.36,21.03,39.610080836899655,
2020-03-23,27.48,19.48,41.067761806981515,
2020-03-20,29.93,19.44,53.96090534979423,
2020-03-19,29.9,20.23,47.80029658922392,
2020-03-18,29.49,19.98,47.597597597597584,
2020-03-17,30.39,20.88,45.545977011494266,
2020-03-16,29.13,19.58,48.774259448416764,
2020-03-13,31.35,22.23,41.02564102564103,
2020-03-12,28.44,20.42,39.27522037218413,
2020-03-11,31.81,22.55,41.06430155210642,
2020-03-10,32.7,23.58,38.67684478371503,
2020-03-09,32.3,22.43,44.003566651805606,
2020-03-06,34.14,24.02,42.1315570358035,
2020-03-05,34.62,24.49,41.36382196815027,
2020-03-04,34.14,25.22,35.36875495638383,
2020-03-03,33.34,24.21,37.711689384551846,
2020-03-02,32.89,24.99,31.61264505802322,
2020-02-28,32.57,23.84,36.619127516778526,
2020-02-27,33.48,24.55,36.37474541751526,
2020-02-26,34.16,25.03,36.47622852576905,
2020-02-25,34.36,24.88,38.10289389067524,
2020-02-24,34.76,25.62,35.675253708040586,
2020-02-21,35.02,26.62,31.55522163786627,
2020-02-20,34.9,27.16,28.497790868924884,
2020-02-19,35.2,27.41,28.420284567676042,
2020-02-18,35.2,27.15,29.650092081031325,
2020-02-14,35.23,27.13,29.856247696277176,
2020-02-13,35.09,27.05,29.72273567467653,
2020-02-12,35.04,27.11,29.251198819623752,
2020-02-11,35.19,26.83,31.159150204994408,
2020-02-10,35.45,26.83,32.12821468505406,
2020-02-07,35.1,26.51,32.40286684270087,
2020-02-06,35.28,26.63,32.482162974089384,
2020-02-05,34.8,26.39,31.868131868131854,
2020-02-04,34.8,26.3,32.319391634980974,
2020-02-03,34.63,25.75,34.48543689320389,
2020-01-31,34.43,25.34,35.87213891081294,
2020-01-30,34.61,25.76,34.35559006211179,
2020-01-29,34.62,25.64,35.02340093603743,
2020-01-28,34.64,25.65,35.048732943469794,
2020-01-27,34.98,25.23,38.64447086801425,
2020-01-24,34.39,25.75,33.553398058252434,
2020-01-23,34.4,25.98,32.40954580446497,
2020-01-22,34.51,25.92,33.140432098765416,
2020-01-21,34.37,25.84,33.01083591331269,
2020-01-20,34.39,25.86,32.98530549110596,
2020-01-17,34.31,25.88,32.57341576506956,
2020-01-16,34.23,25.68,33.29439252336447,
2020-01-15,33.97,25.44,33.52987421383647,
2020-01-14,33.74,25.44,32.625786163522015,
2020-01-13,33.5,25.55,31.115459882583167,
2020-01-10,33.7,25.27,33.35971507716661,
2020-01-09,33.95,25.32,34.083728278041086,
2020-01-08,33.76,25.1,34.5019920318725,
2020-01-07,33.51,24.92,34.470304975922936,
2020-01-06,33.31,24.92,33.6677367576244,
2020-01-03,33.32,24.79,34.40903590157322,
2020-01-02,33.13,24.98,32.62610088070457,
2019-12-31,33.17,24.59,34.89223261488411,
2019-12-30,33.47,24.53,36.44516918059518,
2019-12-27,33.69,24.76,36.066235864297234,
2019-12-24,33.66,24.56,37.05211726384364,
2019-12-23,33.7,24.56,37.21498371335507,
2019-12-20,33.63,24.52,37.153344208809145,
2019-12-19,33.57,24.41,37.52560426054895,
2019-12-18,33.66,24.25,38.804123711340196,
2019-12-17,34.04,24.23,40.48699958728848,
2019-12-16,34.04,24.21,40.60305658818669,
2019-12-13,33.95,23.99,41.51729887453108,
2019-12-12,34.48,23.93,44.08692018386961,
2019-12-11,34.85,23.73,46.86051411715128,
2019-12-10,35.06,23.59,48.622297583721924,
2019-12-09,35.09,23.63,48.49767245027509,
2019-12-06,35.2,23.72,48.39797639123105,
2019-12-05,34.77,23.46,48.20971867007673,
2019-12-04,34.76,23.46,48.16709292412616,
2019-12-03,34.92,23.32,49.742710120068615,
2019-12-02,35.1,23.48,49.48892674616695,
2019-11-29,35.07,23.78,47.47687132043733,
2019-11-28,35.17,23.88,47.2780569514238,
2019-11-27,35.18,23.84,47.56711409395973,
2019-11-26,34.89,23.71,47.1530999578237,
2019-11-25,34.7,23.66,46.661031276415905,
2019-11-22,33.96,23.36,45.376712328767134,
2019-11-21,34.28,23.35,46.809421841541756,
2019-11-20,33.97,23.39,45.23300555793073,
2019-11-19,33.88,23.55,43.86411889596604,
2019-11-18,33.95,23.49,44.52958705832271,
2019-11-15,33.74,23.49,43.63558961260112,
2019-11-14,33.72,23.31,44.65894465894466,
2019-11-13,33.73,23.32,44.63979416809604,
2019-11-12,33.5,23.31,43.715143715143725,
2019-11-11,33.49,23.24,44.104991394148044,
2019-11-08,33.42,23.28,43.55670103092783,
2019-11-07,33.66,23.18,45.21138912855909,
2019-11-06,33.39,23.12,44.42041522491349,
2019-11-05,33.06,23.19,42.5614489003881,
2019-11-04,33.0,23.17,42.42555028053516,
2019-11-01,33.29,23.05,44.425162689804765,
2019-10-31,33.35,22.82,46.14373356704645,
2019-10-30,33.3,22.8,46.05263157894735,
2019-10-29,33.33,22.7,46.82819383259912,
2019-10-28,33.36,22.88,45.80419580419581,
2019-10-25,33.45,22.66,47.61694616063549,
2019-10-24,33.24,22.45,48.06236080178175,
2019-10-23,33.52,22.26,50.58400718778078,
2019-10-22,33.77,22.22,51.980198019802,
2019-10-21,33.85,22.4,51.116071428571445,
2019-10-18,33.79,22.23,52.00179937022041,
2019-10-17,33.85,22.41,51.04863900044624,
2019-10-16,33.92,22.36,51.699463327370324,
2019-10-15,34.11,22.42,52.140945584299715,
2019-10-11,34.12,22.2,53.69369369369369,
2019-10-10,34.43,21.86,57.50228728270814,
2019-10-09,34.76,21.75,59.81609195402298,
2019-10-08,34.61,21.5,60.9767441860465,
2019-10-07,34.88,21.85,59.63386727688788,
2019-10-04,34.98,21.89,59.798994974874354,
2019-10-03,35.14,21.56,62.987012987013,
2019-10-02,34.77,21.33,63.009845288326325,
2019-10-01,34.86,21.7,60.64516129032258,
2019-09-30,35.17,21.86,60.88746569075939,
2019-09-27,34.85,21.69,60.673121254034115,
2019-09-26,35.15,21.94,60.20966271649952,
2019-09-25,35.39,22.06,60.42611060743428,
2019-09-24,35.46,21.78,62.809917355371894,
2019-09-23,35.28,22.11,59.565807327001366,
2019-09-20,35.06,22.12,58.499095840868,
2019-09-19,35.16,22.33,57.456336766681595,
2019-09-18,34.86,22.27,56.53345307588684,
2019-09-17,34.81,22.28,56.238779174147226,
2019-09-16,34.48,22.17,55.52548488949027,
2019-09-13,35.08,22.29,57.37999102736653,
2019-09-12,35.17,22.35,57.36017897091722,
2019-09-11,35.45,22.24,59.397482014388515,
2019-09-10,35.43,22.04,60.753176043557175,
2019-09-09,35.62,22.13,60.95797559873475,
2019-09-06,35.63,22.16,60.78519855595669,
2019-09-05,35.41,22.2,59.504504504504496,
2019-09-04,35.18,21.81,61.30215497478222,
2019-09-03,34.63,21.5,61.06976744186048,
2019-08-30,35.01,21.72,61.187845303867405,
2019-08-29,34.9,21.76,60.38602941176469,
2019-08-28,34.57,21.42,61.39122315592903,
2019-08-27,34.4,21.37,60.97332709405707,
2019-08-26,34.0,21.38,59.02712815715623,
2019-08-23,33.86,21.05,60.855106888361036,
2019-08-22,34.25,21.78,57.25436179981634,
2019-08-21,34.59,21.85,58.30663615560642,
2019-08-20,34.63,21.67,59.80618366405168,
2019-08-19,34.9,21.81,60.01834021091243,
2019-08-16,34.68,21.51,61.2273361227336,
2019-08-15,34.44,21.15,62.836879432624116,
2019-08-14,34.3,21.16,62.09829867674856,
2019-08-13,34.5,21.81,58.18431911966988,
2019-08-12,34.41,21.36,61.09550561797752,
2019-08-09,34.43,21.61,59.32438685793614,
2019-08-08,34.4,21.81,57.72581384685924,
2019-08-07,34.03,21.35,59.391100702576104,
2019-08-06,33.8,21.23,59.20866698068769,
2019-08-02,33.79,21.72,55.57090239410682,
2019-08-01,33.95,22.04,54.03811252268604,
2019-07-31,33.51,22.2,50.94594594594594,
2019-07-30,33.6,22.45,49.66592427616928,
2019-07-29,33.81,22.58,49.734278122232084,
2019-07-26,33.68,22.66,48.63195057369815,
2019-07-25,33.19,22.4,48.16964285714286,
2019-07-24,33.05,22.63,46.04507291206363,
2019-07-23,33.0,22.46,46.927871772039175,
2019-07-22,32.66,22.33,46.26063591580832,
2019-07-19,32.62,22.14,47.33514001806684,
2019-07-18,32.7,22.32,46.50537634408603,
2019-07-17,32.92,22.3,47.62331838565023,
2019-07-16,32.96,22.41,47.077197679607316,
2019-07-15,32.98,22.49,46.64295242329924,
2019-07-12,33.11,22.43,47.61480160499331,
2019-07-11,33.2,22.31,48.81219184222324,
2019-07-10,33.24,22.35,48.7248322147651,
2019-07-09,32.95,22.13,48.89290555806599,
2019-07-08,32.92,22.0,49.63636363636365,
2019-07-05,32.99,22.16,48.87184115523466,
2019-07-04,33.04,22.3,48.161434977578466,
2019-07-03,33.23,22.25,49.34831460674156,
2019-07-02,32.66,22.04,48.18511796733211,
2019-06-28,32.58,21.66,50.41551246537396,
2019-06-27,32.72,21.67,50.99215505306874,
2019-06-26,32.42,21.57,50.30134445989801,
2019-06-25,32.63,21.48,51.908752327746754,
2019-06-24,32.84,21.84,50.366300366300386,
2019-06-21,32.79,21.86,50.0,
2019-06-20,33.47,21.89,52.90086797624485,
2019-06-19,34.04,21.7,56.86635944700461,
2019-06-18,34.13,21.68,57.426199261992636,
2019-06-17,34.01,21.36,59.22284644194756,
2019-06-14,33.73,21.26,58.654750705550306,
2019-06-13,33.6,21.29,57.82057303898546,
2019-06-12,33.76,21.21,59.170202734559155,
2019-06-11,33.54,21.33,57.24331926863573,
2019-06-10,33.59,21.3,57.69953051643194,
2019-06-07,33.58,21.08,59.29791271347249,
2019-06-06,33.78,20.67,63.42525399129172,
2019-06-05,33.94,20.52,65.39961013645224,
2019-06-04,33.62,20.37,65.04663721158565,
2019-06-03,33.52,19.84,68.95161290322582,
2019-05-31,33.47,20.27,65.1208682782437,
2019-05-30,33.55,20.6,62.86407766990288,
2019-05-29,33.55,20.52,63.4990253411306,
2019-05-28,34.05,20.71,64.41332689521968,
2019-05-27,34.04,20.78,63.81135707410971,
2019-05-24,34.04,20.75,64.04819277108433,
2019-05-23,34.11,20.79,64.06926406926408,
2019-05-22,34.08,21.11,61.44007579346281,
2019-05-21,33.8,21.2,59.43396226415093,
2019-05-17,33.97,21.34,59.184629803186496,
2019-05-16,33.81,21.56,56.818181818181834,
2019-05-15,33.56,21.35,57.18969555035128,
2019-05-14,33.38,21.07,58.42429995253916,
2019-05-13,33.17,20.83,59.24147863658188,
2019-05-10,33.16,21.56,53.803339517625226,
2019-05-09,33.31,21.55,54.570765661252906,
2019-05-08,33.05,21.66,52.58541089566019,
2019-05-07,33.04,21.7,52.25806451612903,
2019-05-06,32.79,22.16,47.969314079422375,
2019-05-03,32.69,22.3,46.59192825112106,
2019-05-02,32.75,21.94,49.27073837739288,
2019-05-01,32.72,22.06,48.32275611967362,
2019-04-30,32.66,22.12,47.64918625678117,
2019-04-29,32.68,22.28,46.67863554757629,
2019-04-26,32.7,22.23,47.09851551956816,
2019-04-25,32.71,22.23,47.14349977507872,
2019-04-24,32.56,22.14,47.064137308039754,
2019-04-23,32.86,22.19,48.08472284812978,
2019-04-22,32.79,21.92,49.58941605839414,
2019-04-18,32.75,21.85,49.885583524027446,
2019-04-17,32.76,21.84,49.99999999999999,
2019-04-16,33.18,21.75,52.55172413793103,
2019-04-15,33.23,21.68,53.274907749077485,
2019-04-12,33.22,21.67,53.299492385786785,
2019-04-11,33.31,21.59,54.28439092172304,
2019-04-10,33.25,21.63,53.721682847896446,
2019-04-09,33.09,21.51,53.83542538354254,
2019-04-08,33.06,21.6,53.05555555555556,
2019-04-05,32.94,21.54,52.92479108635098,
2019-04-04,32.83,21.43,53.196453569762014,
2019-04-03,32.81,21.45,52.96037296037298,
2019-04-02,32.76,21.33,53.58649789029536,
2019-04-01,32.49,21.27,52.750352609308905,
2019-03-29,32.52,20.97,55.07868383404867,
2019-03-28,32.48,20.83,55.92894863178108,
2019-03-27,32.29,20.79,55.31505531505532,
2019-03-26,31.98,20.9,53.01435406698566,
2019-03-25,32.03,20.81,53.91638635271505,
2019-03-22,31.72,20.84,52.207293666026864,
2019-03-21,31.52,21.3,47.98122065727699,
2019-03-20,31.37,21.02,49.238820171265466,
2019-03-19,31.35,20.87,50.21562050790609,
2019-03-18,31.48,20.82,51.20076849183477,
2019-03-15,31.52,20.77,51.757342320654786,
2019-03-14,31.52,20.59,53.08402136959689,
2019-03-13,31.7,20.62,53.734238603297754,
2019-03-12,31.7,20.47,54.86077186126038,
2019-03-11,31.82,20.36,56.286836935166995,
2019-03-08,31.81,19.94,59.5285857572718,
2019-03-07,32.02,19.97,60.340510766149244,
2019-03-06,32.04,20.23,58.3786455758774,
2019-03-05,32.04,20.35,57.44471744471743,
2019-03-04,32.0,20.32,57.48031496062992,
2019-03-01,31.97,20.33,57.25528775209051,
2019-02-28,31.71,20.18,57.13577799801784,
2019-02-27,31.83,20.23,57.34058329214038,
2019-02-26,31.93,20.25,57.67901234567901,
2019-02-25,31.62,20.23,56.30252100840336,
2019-02-22,31.69,20.15,57.27047146401987,
2019-02-21,31.59,20.0,57.95,
2019-02-20,31.86,20.08,58.665338645418345,
2019-02-19,31.81,20.09,58.33748133399701,
2019-02-15,31.8,20.04,58.68263473053893,
2019-02-14,31.97,19.97,60.090135202804206,
2019-02-13,31.77,19.94,59.32798395185556,
2019-02-12,31.93,19.94,60.13039117352055,
2019-02-11,31.87,19.64,62.270875763747455,
2019-02-08,31.87,19.64,62.270875763747455,
2019-02-07,31.91,19.62,62.64016309887869,
2019-02-06,31.68,19.88,59.35613682092556,
2019-02-05,31.65,19.94,58.7261785356068,
2019-02-04,31.0,19.74,57.04154002026344,
2019-02-01,30.82,19.54,57.727737973387924,
2019-01-31,30.74,19.64,56.51731160896129,
2019-01-30,30.51,19.35,57.67441860465116,
2019-01-29,30.82,18.89,63.15510852302806,
2019-01-28,30.72,19.05,61.25984251968502,
2019-01-25,30.71,19.29,59.20165889061691,
2019-01-24,30.83,19.09,61.49816657936091,
2019-01-23,30.88,18.97,62.783342119135476,
2019-01-22,30.87,18.88,63.506355932203405,
2019-01-21,30.93,19.3,60.25906735751294,
2019-01-18,30.98,19.3,60.51813471502591,
2019-01-17,30.96,19.12,61.92468619246861,
2019-01-16,30.91,19.0,62.68421052631579,
2019-01-15,30.97,18.98,63.17175974710221,
2019-01-14,30.93,18.67,65.66684520621317,
2019-01-11,30.84,18.8,64.04255319148936,
2019-01-10,30.54,18.87,61.84419713831477,
2019-01-09,30.48,18.82,61.95536663124336,
2019-01-08,30.3,18.67,62.29244777718264,
2019-01-07,30.09,18.49,62.736614386154685,
2019-01-04,29.62,18.31,61.76952484980887,
2019-01-03,29.42,17.54,67.73090079817563,
2019-01-02,29.58,18.13,63.15499172642029,
2018-12-31,29.8,17.98,65.7397107897664,
2018-12-28,29.62,17.98,64.73859844271412,
2018-12-27,29.52,17.95,64.45682451253482,
2018-12-24,29.18,16.93,72.35676314235086,
2018-12-21,29.23,17.32,68.76443418013857,
2018-12-20,29.39,17.9,64.18994413407823,
2018-12-19,29.69,18.24,62.77412280701756,
2018-12-18,29.83,18.63,60.11808910359635,
2018-12-17,29.71,18.48,60.76839826839827,
2018-12-14,29.97,18.93,58.32012678288431,
2018-12-13,30.29,19.41,56.05358062854199,
2018-12-12,30.02,19.42,54.58290422245107,
2018-12-11,29.99,19.24,55.873180873180885,
2018-12-10,29.89,19.17,55.920709441836195,
2018-12-07,29.67,18.99,56.2401263823065,
2018-12-06,30.08,19.6,53.46938775510202,
2018-12-05,30.1,19.78,52.17391304347826,
2018-12-04,29.99,19.48,53.95277207392196,
2018-12-03,30.08,20.23,48.690064260998504,
2018-11-30,30.11,19.92,51.15461847389556,
2018-11-29,30.09,19.78,52.12335692618806,
2018-11-28,29.75,19.83,50.02521432173476,
2018-11-27,29.29,19.22,52.39334027055151,
2018-11-26,29.46,19.15,53.83812010443866,
2018-11-23,29.35,18.74,56.61686232657419,
2018-11-22,29.1,18.69,55.69823434991974,
2018-11-21,29.0,18.89,53.52038115404976,
2018-11-20,28.48,18.72,52.13675213675215,
2018-11-19,28.74,19.04,50.9453781512605,
2018-11-16,28.85,19.71,46.372399797057334,
2018-11-15,28.73,19.72,45.6896551724138,
2018-11-14,28.94,19.43,48.944930519814726,
2018-11-13,28.93,19.61,47.52677205507395,
2018-11-12,29.11,19.58,48.67211440245149,
2018-11-09,29.17,20.21,44.334487877288474,
2018-11-08,28.93,20.51,41.05314480741101,
2018-11-07,28.82,20.64,39.63178294573643,
2018-11-06,28.34,20.02,41.55844155844156,
2018-11-05,28.3,19.88,42.35412474849095,
2018-11-02,27.74,19.94,39.117352056168485,
2018-11-01,27.93,20.26,37.85784797630799,
2018-10-31,28.13,20.0,40.65,
2018-10-30,27.88,19.52,42.82786885245902,
2018-10-29,27.52,19.23,43.10972438897555,
2018-10-26,27.53,19.64,40.17311608961304,
2018-10-25,27.8,20.19,37.69192669638434,
2018-10-24,27.74,19.49,42.32939969214982,
2018-10-23,27.92,20.42,36.72869735553378,
2018-10-22,27.87,20.5,35.951219512195124,
2018-10-19,27.9,20.41,36.69769720725134,
2018-10-18,27.44,20.42,34.37806072477962,
2018-10-17,27.47,20.9,31.435406698564595,
2018-10-16,27.47,20.92,31.3097514340344,
2018-10-15,27.44,20.31,35.10585918266865,
2018-10-12,27.48,20.61,33.333333333333336,
2018-10-11,27.1,20.01,35.43228385807096,
2018-10-10,27.28,20.27,34.583127775037006,
2018-10-09,27.68,21.18,30.68932955618508,
2018-10-05,27.64,21.27,29.948283968030093,
2018-10-04,27.81,21.53,29.16860195076636,
2018-10-03,28.02,21.94,27.711941659070185,
2018-10-02,28.21,21.93,28.636570907432745,
2018-10-01,28.08,21.97,27.810650887573964,
2018-09-28,28.27,21.92,28.96897810218977,
2018-09-27,28.45,21.94,29.671832269826794,
2018-09-26,28.39,21.73,30.648872526461112,
2018-09-25,28.45,21.74,30.864765409383633,
2018-09-24,28.57,21.71,31.59834177798249,
2018-09-21,28.69,21.63,32.63985205732779,
2018-09-20,28.6,21.75,31.494252873563227,
2018-09-19,28.8,21.53,33.76683697166744,
2018-09-18,28.97,21.54,34.49396471680594,
2018-09-17,28.59,21.35,33.911007025761116,
2018-09-14,28.68,21.69,32.22683264177039,
2018-09-13,28.71,21.73,32.12149102623102,
2018-09-12,28.93,21.52,34.43308550185874,
2018-09-11,28.63,21.59,32.60768874478925,
2018-09-10,28.79,21.41,34.46987389070527,
2018-09-07,28.71,21.37,34.34721572297613,
2018-09-06,28.77,21.42,34.31372549019607,
2018-09-05,28.2,21.59,30.61602593793423,
2018-09-04,28.19,21.91,28.66271109082611,
2018-08-31,28.46,22.01,29.304861426624257,
2018-08-30,28.63,21.95,30.432801822323462,
2018-08-29,28.5,22.0,29.545454545454547,
2018-08-28,28.46,21.74,30.910763569457234,
2018-08-27,28.64,21.71,31.920773836941503,
2018-08-24,28.62,21.53,32.930794240594516,
2018-08-23,28.82,21.31,35.241670577193815,
2018-08-22,28.9,21.34,35.42642924086222,
2018-08-21,28.87,21.28,35.6672932330827,
2018-08-20,28.96,21.21,36.53936822253654,
2018-08-17,29.18,21.22,37.511781338360045,
2018-08-16,29.03,21.17,37.12801133679735,
2018-08-15,28.62,21.13,35.44723142451492,
2018-08-14,28.65,21.41,33.81597384399812,
2018-08-13,28.39,21.28,33.411654135338345,
2018-08-10,28.23,21.32,32.410881801125704,
2018-08-09,28.69,21.48,33.56610800744879,
2018-08-08,28.61,21.5,33.06976744186046,
2018-08-07,28.56,21.45,33.14685314685315,
2018-08-03,28.99,21.23,36.552048987282134,
2018-08-02,28.9,21.18,36.4494806421152,
2018-08-01,28.94,20.89,38.53518429870752,
2018-07-31,29.09,20.77,40.057775637939336,
2018-07-30,29.07,20.66,40.706679574056146,
2018-07-27,29.32,20.98,39.75214489990467,
2018-07-26,29.28,21.27,37.658674188998596,
2018-07-25,29.09,21.55,34.98839907192575,
2018-07-24,29.24,21.28,37.40601503759397,
2018-07-23,29.7,21.19,40.160453043888616,
2018-07-20,29.71,21.14,40.53926206244087,
2018-07-19,29.97,21.15,41.70212765957447,
2018-07-18,29.88,21.25,40.61176470588235,
2018-07-17,30.18,21.29,41.75669328323156,
2018-07-16,30.26,21.15,43.07328605200947,
2018-07-13,30.17,21.23,42.11022138483279,
2018-07-12,30.07,21.17,42.04062352385451,
2018-07-11,29.55,20.83,41.862698031685085,
2018-07-10,29.37,20.97,40.057224606580846,
2018-07-09,29.01,20.91,38.737446197991396,
2018-07-06,28.83,20.72,39.14092664092664,
2018-07-05,28.57,20.43,39.84336759667156,
2018-07-04,28.83,20.22,42.581602373887236,
2018-07-03,28.76,20.2,42.37623762376239,
2018-06-29,29.05,20.26,43.38598223099703,
2018-06-28,29.28,20.24,44.664031620553374,
2018-06-27,29.1,20.05,45.13715710723192,
2018-06-26,29.32,20.34,44.14945919370699,
2018-06-25,29.07,20.27,43.41391218549581,
2018-06-22,29.07,20.75,40.096385542168676,
2018-06-21,28.95,20.83,38.98223715794528,
2018-06-20,29.04,21.03,38.08844507845933,
2018-06-19,28.6,20.85,37.170263788968825,
2018-06-18,28.67,20.92,37.04588910133843,
2018-06-15,28.55,20.93,36.40707118967989,
2018-06-14,28.29,20.98,34.84270734032411,
2018-06-13,28.02,20.77,34.90611458834858,
2018-06-12,27.93,20.75,34.602409638554214,
2018-06-11,27.79,20.67,34.44605708756651,
2018-06-08,27.74,20.62,34.52958292919494,
2018-06-07,27.54,20.62,33.55965082444228,
2018-06-06,28.17,20.77,35.62831006259029,
2018-06-05,28.49,20.66,37.89932236205227,
2018-06-04,28.47,20.59,38.271005342399214,
2018-06-01,28.33,20.4,38.872549019607845,
2018-05-31,28.23,20.1,40.44776119402984,
2018-05-30,28.24,20.11,40.42764793635007,
2018-05-29,28.16,19.98,40.94094094094094,
2018-05-28,28.07,20.1,39.651741293532325,
2018-05-25,28.14,20.07,40.20926756352765,
2018-05-24,27.9,20.05,39.152119700748116,
2018-05-23,27.98,20.03,39.69046430354467,
2018-05-22,27.61,19.88,38.883299798792756,
2018-05-18,27.7,19.8,39.89898989898989,
2018-05-17,27.78,19.92,39.45783132530119,
2018-05-16,28.05,19.93,40.742599096838944,
2018-05-15,27.88,19.85,40.453400503778326,
2018-05-14,27.74,20.06,38.2851445663011,
2018-05-11,27.65,20.02,38.111888111888106,
2018-05-10,27.76,20.03,38.592111832251625,
2018-05-09,27.48,19.84,38.50806451612904,
2018-05-08,27.64,19.6,41.0204081632653,
2018-05-07,27.56,19.63,40.397350993377486,
2018-05-04,27.58,19.51,41.363403382880556,
2018-05-03,27.55,19.1,44.24083769633507,
2018-05-02,27.4,19.14,43.1556948798328,
2018-05-01,27.72,19.25,43.99999999999999,
2018-04-30,28.14,19.04,47.79411764705883,
2018-04-27,28.08,19.2,46.25,
2018-04-26,27.74,19.16,44.78079331941544,
2018-04-25,27.49,18.75,46.61333333333332,
2018-04-24,27.33,18.75,45.75999999999999,
2018-04-23,27.74,19.18,44.62982273201251,
2018-04-20,27.33,19.19,42.41792600312661,
2018-04-19,27.33,19.51,40.082009226037904,
2018-04-18,27.48,19.68,39.63414634146341,
2018-04-17,27.23,19.62,38.78695208970438,
2018-04-16,27.27,19.23,41.80967238689547,
2018-04-13,27.28,19.09,42.902042954426406,
2018-04-12,27.37,19.19,42.62636789994789,
2018-04-11,27.37,18.97,44.28044280442806,
2018-04-10,27.39,19.08,43.55345911949687,
2018-04-09,27.65,18.64,48.33690987124462,
2018-04-06,27.47,18.56,48.00646551724138,
2018-04-05,27.55,19.02,44.847528916929555,
2018-04-04,27.67,18.95,46.015831134564664,
2018-04-03,27.5,18.6,47.849462365591386,
2018-04-02,27.72,18.39,50.73409461663947,
2018-03-29,27.94,18.99,47.1300684570827,
2018-03-28,27.55,18.64,47.80042918454935,
2018-03-27,27.23,18.81,44.763423710792146,
2018-03-26,27.43,19.48,40.81108829568788,
2018-03-23,27.49,18.78,46.379126730564415,
2018-03-22,27.88,19.27,44.680851063829785,
2018-03-21,28.18,19.78,42.46713852376136,
2018-03-20,28.5,19.86,43.50453172205439,
2018-03-19,28.74,19.8,45.151515151515135,
2018-03-16,28.68,20.26,41.55972359328725,
2018-03-15,28.75,20.29,41.695416461311,
2018-03-14,28.69,20.31,41.26046282619401,
2018-03-13,28.5,20.33,40.186915887850475,
2018-03-12,28.66,20.59,39.19378338999515,
2018-03-09,28.45,20.45,39.119804400978,
2018-03-08,28.37,20.08,41.284860557768944,
2018-03-07,28.31,19.98,41.69169169169169,
2018-03-06,28.47,19.93,42.84997491219267,
2018-03-05,28.3,19.86,42.49748237663646,
2018-03-02,28.25,19.64,43.83910386965376,
2018-03-01,28.13,19.46,44.55292908530317,
2018-02-28,28.41,19.79,43.55735219807985,
2018-02-27,28.4,19.93,42.498745609633716,
2018-02-26,28.07,20.13,39.44361649279683,
2018-02-23,27.98,19.88,40.744466800804844,
2018-02-22,27.94,19.49,43.35556695741408,
2018-02-21,28.02,19.55,43.324808184143215,
2018-02-20,28.25,19.55,44.50127877237851,
2018-02-16,28.43,19.54,45.496417604913006,
2018-02-15,27.88,19.57,42.46295350025549,
2018-02-14,27.88,19.25,44.831168831168824,
2018-02-13,27.85,18.89,47.43250397035469,
2018-02-12,27.92,18.78,48.66879659211927,
2018-02-09,27.76,18.42,50.70575461454939,
2018-02-08,27.77,18.15,53.00275482093665,
2018-02-07,28.07,19.03,47.50394114555964,
2018-02-06,28.06,19.13,46.680606377417675,
2018-02-05,27.99,18.98,47.47102212855636,
2018-02-02,28.29,19.52,44.928278688524586,
2018-02-01,28.51,19.92,43.122489959839356,
2018-01-31,29.0,20.03,44.782825761357955,
2018-01-30,29.08,20.01,45.32733633183406,
2018-01-29,29.48,20.18,46.08523290386522,
2018-01-26,29.75,20.23,47.05882352941176,
2018-01-25,29.71,19.96,48.84769539078156,
2018-01-24,29.68,19.96,48.69739478957915,
2018-01-23,29.83,20.11,48.334162108403774,
2018-01-22,29.76,19.88,49.69818913480887,
2018-01-19,29.61,19.73,50.076026355803336,
2018-01-18,29.48,19.67,49.87290289781392,
2018-01-17,29.3,19.67,48.957803762074214,
2018-01-16,29.14,19.45,49.82005141388176,
2018-01-15,29.09,19.68,47.8150406504065,
2018-01-12,29.12,19.52,49.18032786885247,
2018-01-11,29.18,19.36,50.72314049586777,
2018-01-10,29.36,19.23,52.67810712428497,
2018-01-09,29.6,19.29,53.44738206324522,
2018-01-08,29.4,19.28,52.489626556016574,
2018-01-05,29.47,19.21,53.409682457053606,
2018-01-04,29.56,19.03,55.33368365738306,
2018-01-03,29.47,19.0,55.10526315789473,
2018-01-02,29.51,18.81,56.88463583200427,
2017-12-29,29.56,18.5,59.783783783783775,
2017-12-28,29.57,18.61,58.893068242880176,
2017-12-27,29.6,18.63,58.8835212023618,
2017-12-22,29.57,18.72,57.959401709401725,
2017-12-21,29.62,18.76,57.88912579957355,
2017-12-20,29.68,18.75,58.29333333333333,
2017-12-19,29.84,18.77,58.97709110282365,
2017-12-18,30.03,18.88,59.057203389830526,
2017-12-15,29.86,18.71,59.593800106894705,
2017-12-14,29.79,18.52,60.85313174946004,
2017-12-13,29.94,18.56,61.314655172413815,
2017-12-12,30.04,18.47,62.64212236058474,
2017-12-11,29.88,18.5,61.51351351351351,
2017-12-08,29.94,18.37,62.98312465977136,
2017-12-07,30.02,18.3,64.04371584699453,
2017-12-06,29.93,18.22,64.27003293084523,
2017-12-05,29.66,18.14,63.506063947078275,
2017-12-04,29.6,18.14,63.17530319735391,
2017-12-01,29.66,18.36,61.54684095860568,
2017-11-30,29.61,18.45,60.48780487804878,
2017-11-29,29.47,18.28,61.21444201312909,
2017-11-28,29.48,18.61,58.409457281031706,
2017-11-27,29.4,18.56,58.4051724137931,
2017-11-24,29.42,18.58,58.3423035522067,
2017-11-23,29.32,18.56,57.9741379310345,
2017-11-22,29.47,18.5,59.29729729729729,
2017-11-21,29.5,18.46,59.80498374864571,
2017-11-20,29.44,18.27,61.138478379857695,
2017-11-17,29.35,18.3,60.38251366120219,
2017-11-16,29.36,18.37,59.82580293957538,
2017-11-15,29.57,18.16,62.830396475770925,
2017-11-14,29.46,18.21,61.779242174629324,
2017-11-13,29.47,18.29,61.12629852378348,
2017-11-10,29.47,18.25,61.479452054794514,
2017-11-09,29.28,18.26,60.35049288061336,
2017-11-08,29.14,18.35,58.801089918256125,
2017-11-07,28.83,18.27,57.799671592775034,
2017-11-06,28.93,18.28,58.26039387308533,
2017-11-03,28.94,18.2,59.01098901098902,
2017-11-02,29.04,18.06,60.79734219269104,
2017-11-01,28.8,18.07,59.38018815716658,
2017-10-31,28.72,18.07,58.93746541228555,
2017-10-30,28.82,17.98,60.28921023359288,
2017-10-27,28.91,18.0,60.611111111111114,
2017-10-26,28.83,17.48,64.93135011441646,
2017-10-25,28.65,17.52,63.527397260273965,
2017-10-24,28.68,17.57,63.23278315310188,
2017-10-23,28.62,17.54,63.16989737742305,
2017-10-20,28.48,17.65,61.35977337110483,
2017-10-19,28.47,17.59,61.8533257532689,
2017-10-18,28.45,17.68,60.91628959276017,
2017-10-17,28.62,17.69,61.7863199547767,
2017-10-16,28.7,17.66,62.51415628539071,
2017-10-13,28.86,17.6,63.97727272727272,
2017-10-12,28.81,17.54,64.25313568985177,
2017-10-11,28.52,17.57,62.322140011383034,
2017-10-10,28.49,17.51,62.707024557395755,
2017-10-06,28.58,17.51,63.221016561964575,
2017-10-05,28.58,17.51,63.221016561964575,
2017-10-04,28.62,17.34,65.05190311418686,
2017-10-03,28.39,17.32,63.91454965357968,
2017-10-02,28.44,17.28,64.58333333333333,
2017-09-29,28.24,17.28,63.42592592592591,
2017-09-28,28.28,17.13,65.09048453006423,
2017-09-27,28.31,17.18,64.78463329452852,
2017-09-26,27.92,17.0,64.23529411764707,
2017-09-25,28.08,16.94,65.76151121605665,
2017-09-22,28.22,17.14,64.64410735122519,
2017-09-21,28.3,17.2,64.53488372093025,
2017-09-20,28.35,17.24,64.44315545243622,
2017-09-19,28.32,17.31,63.60485268630851,
2017-09-18,28.25,17.28,63.48379629629629,
2017-09-15,28.26,17.29,63.44707923655294,
2017-09-14,28.12,17.26,62.92004634994205,
2017-09-13,27.8,17.34,60.32295271049597,
2017-09-12,27.81,17.29,60.84441873915558,
2017-09-11,27.79,17.27,60.9148812970469,
2017-09-08,27.71,17.09,62.141603276770056,
2017-09-07,27.85,17.23,61.6366802089379,
2017-09-06,27.86,17.23,61.69471851421938,
2017-09-05,27.67,17.13,61.52948044366611,
2017-09-01,27.89,17.33,60.93479515291405,
2017-08-31,28.17,17.33,62.55049047893828,
2017-08-30,28.27,17.16,64.74358974358974,
2017-08-29,28.16,16.95,66.13569321533924,
2017-08-28,28.12,16.86,66.785290628707,
2017-08-25,28.2,16.86,67.25978647686833,
2017-08-24,28.31,16.9,67.51479289940829,
2017-08-23,28.53,16.95,68.31858407079648,
2017-08-22,28.6,16.97,68.53270477312907,
2017-08-21,28.55,16.71,70.8557749850389,
2017-08-18,28.43,16.78,69.42789034564957,
2017-08-17,28.63,16.78,70.6197854588796,
2017-08-16,28.66,17.11,67.50438340151959,
2017-08-15,28.72,17.11,67.85505552308592,
2017-08-14,28.67,17.07,67.95547744581137,
2017-08-11,28.35,16.83,68.4491978609626,
2017-08-10,28.13,16.74,68.04062126642772,
2017-08-09,28.21,17.07,65.2606912712361,
2017-08-08,28.29,17.18,64.66821885913852,
2017-08-04,28.28,17.04,65.96244131455401,
2017-08-03,28.22,17.05,65.5131964809384,
2017-08-02,28.35,17.08,65.98360655737707,
2017-08-01,28.14,17.01,65.43209876543209,
2017-07-31,28.07,16.99,65.21483225426724,
2017-07-28,28.13,17.07,64.79203280609255,
2017-07-27,28.44,17.06,66.70574443141855,
2017-07-26,28.42,17.17,65.52125800815375,
2017-07-25,28.74,17.13,67.77583187390543,
2017-07-24,28.52,17.17,66.10366919044843,
2017-07-21,28.6,17.09,67.3493270918666,
2017-07-20,28.77,17.12,68.04906542056074,
2017-07-19,28.73,17.09,68.11000585137508,
2017-07-18,28.51,16.99,67.80459093584464,
2017-07-17,28.6,16.89,69.33096506808762,
2017-07-14,28.73,16.9,70.00000000000001,
2017-07-13,28.73,16.76,71.42004773269687,
2017-07-12,28.73,16.72,71.83014354066987,
2017-07-11,28.35,16.55,71.29909365558913,
2017-07-10,28.34,16.52,71.5496368038741,
2017-07-07,28.3,16.33,73.30067360685857,
2017-07-06,28.3,16.19,74.79925880172945,
2017-07-05,28.7,16.36,75.4278728606357,
2017-07-04,28.82,16.21,77.79148673658234,
2017-06-30,28.95,16.41,76.41681901279706,
2017-06-29,28.93,16.38,76.61782661782662,
2017-06-28,29.31,16.64,76.1418269230769,
2017-06-27,29.39,16.43,78.88009738283628,
2017-06-26,29.2,16.71,74.74566128067023,
2017-06-23,28.91,16.78,72.28843861740167,
2017-06-22,29.04,16.79,72.96009529481834,
2017-06-21,29.13,16.79,73.49612864800477,
2017-06-20,29.12,16.69,74.47573397243858,
2017-06-19,29.09,16.77,73.4645199761479,
2017-06-16,29.02,16.48,76.09223300970874,
2017-06-15,29.44,16.57,77.67048883524443,
2017-06-14,29.36,16.56,77.29468599033818,
2017-06-13,29.63,16.71,77.31897067624176,
2017-06-12,29.66,16.55,79.21450151057401,
2017-06-09,29.75,16.66,78.57142857142857,
2017-06-08,30.08,17.09,76.00936220011701,
2017-06-07,30.12,17.08,76.3466042154567,
2017-06-06,30.26,17.02,77.79083431257345,
2017-06-05,30.39,17.08,77.9274004683841,
2017-06-02,30.51,17.08,78.62997658079628,
2017-06-01,30.12,16.89,78.3303730017762,
2017-05-31,29.98,16.82,78.24019024970274,
2017-05-30,29.84,16.84,77.19714964370546,
2017-05-29,29.76,16.83,76.82709447415333,
2017-05-26,29.65,16.8,76.48809523809523,
2017-05-25,29.75,16.81,76.97798929208805,
2017-05-24,29.75,16.64,78.7860576923077,
2017-05-23,29.8,16.57,79.84308992154496,
2017-05-19,29.85,16.42,81.7904993909866,
2017-05-18,29.61,16.35,81.10091743119264,
2017-05-17,29.62,16.23,82.50154035736291,
2017-05-16,30.16,16.62,81.46811070998795,
2017-05-15,30.23,16.55,82.65861027190333,
2017-05-12,30.08,16.5,82.30303030303028,
2017-05-11,29.99,16.48,81.97815533980581,
2017-05-10,30.3,16.49,83.74772589448153,
2017-05-09,30.3,16.48,83.85922330097088,
2017-05-08,30.43,16.42,85.32277710109621,
2017-05-05,30.52,16.39,86.2111043319097,
2017-05-04,30.17,16.33,84.75199020208208,
2017-05-03,30.1,16.31,84.54935622317599,
2017-05-02,30.36,16.37,85.46120952962735,
2017-05-01,30.07,16.36,83.80195599022005,
2017-04-28,30.17,16.22,86.00493218249078,
2017-04-27,29.87,16.17,84.72479901051328,
2017-04-26,29.75,16.1,84.78260869565216,
2017-04-25,29.56,16.11,83.4885164494103,
2017-04-24,29.08,16.0,81.74999999999999,
2017-04-21,29.07,15.79,84.10386320455986,
2017-04-20,28.97,15.82,83.12262958280657,
2017-04-19,28.77,15.66,83.71647509578544,
2017-04-18,29.01,15.66,85.24904214559388,
2017-04-17,29.08,15.66,85.69604086845465,
2017-04-13,28.76,15.57,84.71419396274888,
2017-04-12,28.76,15.63,84.00511836212412,
2017-04-11,28.65,15.64,83.18414322250638,
2017-04-10,28.62,15.75,81.71428571428572,
2017-04-07,28.44,15.75,80.57142857142858,
2017-04-06,28.45,15.73,80.86458995549903,
2017-04-05,28.52,15.76,80.96446700507614,
2017-04-04,28.55,15.79,80.81063964534518,
2017-04-03,28.5,15.78,80.60836501901142,
2017-03-31,28.62,15.8,81.13924050632912,
2017-03-30,28.66,15.79,81.50728309056365,
2017-03-29,28.57,15.77,81.16677235256817,
2017-03-28,28.66,15.72,82.31552162849873,
2017-03-27,28.63,15.58,83.7612323491656,
2017-03-24,28.43,15.58,82.47753530166881,
2017-03-23,28.41,15.54,82.81853281853283,
2017-03-22,28.24,15.58,81.25802310654684,
2017-03-21,28.02,15.52,80.54123711340206,
2017-03-20,27.95,15.68,78.25255102040816,
2017-03-17,28.11,15.72,78.81679389312976,
2017-03-16,28.19,15.7,79.55414012738855,
2017-03-15,27.9,15.73,77.36808645899553,
2017-03-14,27.69,15.63,77.15930902111324,
2017-03-13,28.22,15.66,80.20434227330779,
2017-03-10,28.12,15.63,79.9104286628279,
2017-03-09,27.99,15.58,79.65340179717586,
2017-03-08,28.03,15.57,80.02569043031471,
2017-03-07,27.86,15.52,79.51030927835052,
2017-03-06,27.93,15.58,79.26829268292683,
2017-03-03,27.93,15.59,79.15330339961514,
2017-03-02,27.85,15.55,79.09967845659163,
2017-03-01,27.65,15.65,76.67731629392969,
2017-02-28,27.36,15.46,76.97283311772314,
2017-02-27,27.66,15.51,78.33655705996132,
2017-02-24,27.75,15.44,79.7279792746114,
2017-02-23,28.2,15.46,82.40620957309184,
2017-02-22,27.93,15.53,79.8454603992273,
2017-02-21,27.87,15.51,79.69052224371374,
2017-02-17,27.65,15.41,79.42894224529525,
2017-02-16,27.75,15.37,80.54651919323358,
2017-02-15,27.74,15.38,80.3641092327698,
2017-02-14,27.68,15.28,81.15183246073299,
2017-02-13,27.72,15.24,81.88976377952754,
2017-02-10,27.71,15.17,82.66315095583388,
2017-02-09,27.48,15.12,81.74603174603176,
2017-02-08,27.33,15.07,81.3536828135368,
2017-02-07,27.17,15.01,81.0126582278481,
2017-02-06,27.06,14.95,81.00334448160535,
2017-02-03,27.23,14.93,82.38446081714669,
2017-02-02,27.22,14.89,82.80725319006042,
2017-02-01,27.28,14.93,82.71935699933022,
2017-01-31,27.48,14.77,86.05280974949223,
2017-01-30,27.6,14.85,85.85858585858587,
2017-01-27,27.74,14.96,85.427807486631,
2017-01-26,27.78,14.95,85.81939799331106,
2017-01-25,27.94,14.92,87.26541554959788,
2017-01-24,27.98,14.8,89.05405405405405,
2017-01-23,27.96,14.7,90.20408163265307,
2017-01-20,28.12,14.68,91.55313351498638,
2017-01-19,27.94,14.65,90.71672354948805,
2017-01-18,28.06,14.63,91.7976760082023,
2017-01-17,27.94,14.6,91.36986301369865,
2017-01-16,27.81,14.68,89.44141689373296,
2017-01-13,27.78,14.67,89.36605316973416,
2017-01-12,27.43,14.58,88.13443072702331,
2017-01-11,27.54,14.63,88.24333561175665,
2017-01-10,27.59,14.63,88.58509911141489,
2017-01-09,27.67,14.6,89.5205479452055,
2017-01-06,27.59,14.53,89.88300068823125,
2017-01-05,27.79,14.41,92.85218598195696,
2017-01-04,27.75,14.34,93.51464435146444,
2017-01-03,27.77,14.24,95.01404494382022,
2016-12-30,27.89,14.11,97.66123316796599,
2016-12-29,27.98,14.27,96.07568325157673,
2016-12-28,27.81,14.31,94.33962264150941,
2016-12-23,27.85,14.39,93.5371785962474,
2016-12-22,27.89,14.37,94.08489909533753,
2016-12-21,27.92,14.42,93.61997226074898,
2016-12-20,27.87,14.43,93.13929313929314,
2016-12-19,27.96,14.37,94.57202505219209,
2016-12-16,28.0,14.31,95.66736547868622,
2016-12-15,27.9,14.37,94.1544885177453,
2016-12-14,28.01,14.33,95.46406140963015,
2016-12-13,28.22,14.41,95.83622484385842,
2016-12-12,28.02,14.18,97.60225669957687,
2016-12-09,27.98,14.26,96.21318373071529,
2016-12-08,27.75,14.15,96.113074204947,
2016-12-07,27.77,14.13,96.5322009907997,
2016-12-06,27.42,13.94,96.70014347202297,
2016-12-05,27.61,13.93,98.20531227566404,
2016-12-02,27.69,13.82,100.3617945007236,
2016-12-01,27.41,13.79,98.76722262509065,
2016-11-30,27.94,14.04,99.00284900284902,
2016-11-29,28.35,14.26,98.80785413744742,
2016-11-28,28.1,14.16,98.44632768361583,
2016-11-25,28.18,14.2,98.45070422535213,
2016-11-24,28.14,14.17,98.58856739590685,
2016-11-23,28.22,14.13,99.71691436659587,
2016-11-22,28.21,14.19,98.80197322057789,
2016-11-21,27.97,14.16,97.52824858757062,
2016-11-18,27.82,14.03,98.28937990021383,
2016-11-17,28.04,14.06,99.43100995732573,
2016-11-16,27.74,13.95,98.85304659498208,
2016-11-15,27.37,13.91,96.764917325665,
2016-11-14,26.96,13.7,96.78832116788323,
2016-11-11,27.16,13.81,96.66908037653873,
2016-11-10,27.38,13.83,97.9754157628344,
2016-11-09,28.17,14.04,100.64102564102566,
2016-11-08,28.27,13.99,102.07290922087205,
2016-11-07,28.23,13.88,103.38616714697406,
2016-11-04,28.02,13.58,106.33284241531665,"Sell High, Buy Low"
2016-11-03,28.2,13.62,107.04845814977975,"Sell High, Buy Low"
2016-11-02,28.32,13.78,105.51523947750363,"Sell High, Buy Low"
2016-11-01,28.61,13.86,106.42135642135642,"Sell High, Buy Low"
2016-10-31,28.65,13.99,104.78913509649747,
2016-10-28,28.64,14.09,103.26472675656495,
2016-10-27,28.53,14.08,102.62784090909092,
2016-10-26,28.6,14.17,101.83486238532112,
2016-10-25,28.49,14.26,99.78962131837307,
2016-10-24,28.72,14.28,101.1204481792717,
2016-10-21,28.57,14.13,102.1939136588818,
2016-10-20,28.6,14.07,103.26936744847193,
2016-10-19,28.78,14.1,104.11347517730498,
2016-10-18,28.69,14.1,103.47517730496456,
2016-10-17,28.49,13.98,103.79113018597997,
2016-10-14,28.43,14.11,101.48830616583983,
2016-10-13,28.43,13.94,103.94548063127691,
2016-10-12,28.32,14.05,101.56583629893237,
2016-10-11,27.96,14.05,99.0035587188612,
2016-10-07,27.98,14.17,97.45942131263232,
2016-10-06,28.04,14.21,97.3258268824771,
2016-10-05,28.1,14.21,97.74806474313863,
2016-10-04,28.05,14.14,98.37340876944836,
2016-10-03,28.26,14.18,99.2947813822285,
2016-09-30,28.44,14.22,100.0,
2016-09-29,28.35,14.1,101.06382978723406,
2016-09-28,28.45,14.18,100.63469675599434,
2016-09-27,28.62,14.15,102.26148409893993,
2016-09-26,28.5,14.04,102.991452991453,
2016-09-23,28.88,14.16,103.954802259887,
2016-09-22,29.02,14.25,103.64912280701755,
2016-09-21,28.76,14.13,103.5385704175513,
2016-09-20,28.71,14.02,104.77888730385165,
2016-09-19,28.38,14.0,102.71428571428571,
2016-09-16,28.34,14.04,101.85185185185186,
2016-09-15,28.58,14.04,103.56125356125357,
2016-09-14,28.28,13.85,104.18772563176897,
2016-09-13,28.11,13.74,104.58515283842793,
2016-09-12,28.25,13.87,103.67700072098054,
2016-09-09,28.44,13.64,108.50439882697947,"Sell High, Buy Low"
2016-09-08,28.88,13.99,106.43316654753394,"Sell High, Buy Low"
2016-09-07,29.19,14.05,107.75800711743773,"Sell High, Buy Low"
2016-09-06,29.6,14.05,110.6761565836299,"Sell High, Buy Low"
2016-09-02,29.73,13.95,113.1182795698925,"Sell High, Buy Low"
2016-09-01,29.56,13.91,112.50898634076204,"Sell High, Buy Low"
2016-08-31,29.36,13.9,111.22302158273381,"Sell High, Buy Low"
2016-08-30,29.24,13.89,110.51115910727141,"Sell High, Buy Low"
2016-08-29,29.4,13.96,110.60171919770771,"Sell High, Buy Low"
2016-08-26,29.39,13.93,110.98348887293612,"Sell High, Buy Low"
2016-08-25,29.39,13.88,111.74351585014408,"Sell High, Buy Low"
2016-08-24,29.6,13.92,112.64367816091956,"Sell High, Buy Low"
2016-08-23,29.42,14.03,109.69351389878834,"Sell High, Buy Low"
2016-08-22,29.48,13.97,111.0236220472441,"Sell High, Buy Low"
2016-08-19,28.68,13.99,105.00357398141529,"Sell High, Buy Low"
2016-08-18,28.86,13.98,106.43776824034335,"Sell High, Buy Low"
2016-08-17,29.05,13.9,108.9928057553957,"Sell High, Buy Low"
2016-08-16,28.97,13.98,107.22460658082976,"Sell High, Buy Low"
2016-08-15,28.63,14.05,103.77224199288256,
2016-08-12,28.62,13.98,104.72103004291846,
2016-08-11,28.86,13.99,106.29020729092208,"Sell High, Buy Low"
2016-08-10,28.74,13.92,106.46551724137929,"Sell High, Buy Low"
2016-08-09,28.79,13.96,106.2320916905444,"Sell High, Buy Low"
2016-08-08,28.52,13.91,105.03235082674334,"Sell High, Buy Low"
2016-08-05,28.49,13.95,104.2293906810036,
2016-08-04,28.21,13.81,104.27226647356989,
2016-08-03,28.37,13.76,106.17732558139537,"Sell High, Buy Low"
2016-08-02,28.27,13.74,105.74963609898107,"Sell High, Buy Low"
2016-07-29,28.26,13.76,105.37790697674421,"Sell High, Buy Low"
2016-07-28,28.41,13.72,107.06997084548104,"Sell High, Buy Low"
2016-07-27,28.32,13.69,106.86632578524471,"Sell High, Buy Low"
2016-07-26,27.98,13.6,105.73529411764706,"Sell High, Buy Low"
2016-07-25,28.16,13.58,107.36377025036819,"Sell High, Buy Low"
2016-07-22,28.13,13.57,107.2955047899779,"Sell High, Buy Low"
2016-07-21,28.1,13.49,108.30244625648629,"Sell High, Buy Low"
2016-07-20,28.16,13.55,107.82287822878227,"Sell High, Buy Low"
2016-07-19,28.07,13.38,109.79073243647233,"Sell High, Buy Low"
2016-07-18,27.83,13.42,107.37704918032787,"Sell High, Buy Low"
2016-07-15,27.76,13.35,107.94007490636706,"Sell High, Buy Low"
2016-07-14,27.9,13.35,108.98876404494382,"Sell High, Buy Low"
2016-07-13,27.96,13.29,110.3837471783296,"Sell High, Buy Low"
2016-07-12,27.71,13.31,108.1893313298272,"Sell High, Buy Low"
2016-07-11,27.45,13.26,107.01357466063348,"Sell High, Buy Low"
2016-07-08,26.96,13.16,104.86322188449849,"Sell High, Buy Low"
2016-07-07,26.84,12.97,106.9390902081727,"Sell High, Buy Low"
2016-07-06,26.92,12.93,108.19798917246715,"Sell High, Buy Low"
2016-07-05,27.04,12.84,110.59190031152649,"Sell High, Buy Low"
2016-07-04,26.87,12.94,107.65069551777435,"Sell High, Buy Low"
2016-06-30,26.86,12.82,109.5163806552262,"Sell High, Buy Low"
2016-06-29,26.86,12.71,111.32966168371358,"Sell High, Buy Low"
2016-06-28,26.82,12.47,115.07618283881314,"Sell High, Buy Low"
2016-06-27,26.34,12.22,115.54828150572831,"Sell High, Buy Low"
2016-06-24,26.3,12.5,110.4,"Sell High, Buy Low"
2016-06-23,26.57,12.97,104.8573631457209,
2016-06-22,26.37,12.84,105.37383177570095,"Sell High, Buy Low"
2016-06-21,26.43,12.85,105.68093385214009,"Sell High, Buy Low"
2016-06-20,26.66,12.82,107.95631825273011,"Sell High, Buy Low"
2016-06-17,26.6,12.71,109.2840283241542,"Sell High, Buy Low"
2016-06-16,26.69,12.71,109.9921321793863,"Sell High, Buy Low"
2016-06-15,26.7,12.89,107.13731574864234,"Sell High, Buy Low"
2016-06-14,26.86,12.92,107.89473684210526,"Sell High, Buy Low"
2016-06-13,27.0,12.91,109.140201394268,"Sell High, Buy Low"
2016-06-10,27.12,13.05,107.81609195402298,"Sell High, Buy Low"
2016-06-09,27.5,13.17,108.8078967350038,"Sell High, Buy Low"
2016-06-08,27.71,13.19,110.0833965125095,"Sell High, Buy Low"
2016-06-07,27.89,13.18,111.60849772382397,"Sell High, Buy Low"
2016-06-06,27.84,13.22,110.59001512859304,"Sell High, Buy Low"
2016-06-03,28.07,13.17,113.13591495823843,"Sell High, Buy Low"
2016-06-02,27.79,13.22,110.21180030257185,"Sell High, Buy Low"
2016-06-01,27.65,13.21,109.31112793338377,"Sell High, Buy Low"
2016-05-31,27.69,13.15,110.5703422053232,"Sell High, Buy Low"
2016-05-30,27.86,13.21,110.90083270249809,"Sell High, Buy Low"
2016-05-27,27.74,13.16,110.79027355623099,"Sell High, Buy Low"
2016-05-26,27.7,13.09,111.61191749427044,"Sell High, Buy Low"
2016-05-25,27.54,13.07,110.7115531752104,"Sell High, Buy Low"
2016-05-24,27.65,12.95,113.51351351351352,"Sell High, Buy Low"
2016-05-20,27.47,12.76,115.28213166144201,"Sell High, Buy Low"
2016-05-19,27.1,12.57,115.59268098647576,"Sell High, Buy Low"
2016-05-18,26.89,12.58,113.75198728139905,"Sell High, Buy Low"
2016-05-17,26.91,12.58,113.91096979332274,"Sell High, Buy Low"
2016-05-16,27.48,12.78,115.02347417840377,"Sell High, Buy Low"
2016-05-13,27.14,12.6,115.3968253968254,"Sell High, Buy Low"
2016-05-12,26.99,12.67,113.02288871349644,"Sell High, Buy Low"
2016-05-11,27.03,12.71,112.66719118804092,"Sell High, Buy Low"
2016-05-10,27.16,12.8,112.1875,"Sell High, Buy Low"
2016-05-09,26.89,12.65,112.5691699604743,"Sell High, Buy Low"
2016-05-06,26.82,12.59,113.02621127879269,"Sell High, Buy Low"
2016-05-05,26.83,12.53,114.12609736632082,"Sell High, Buy Low"
2016-05-04,26.91,12.56,114.2515923566879,"Sell High, Buy Low"
2016-05-03,26.62,12.64,110.6012658227848,"Sell High, Buy Low"
2016-05-02,26.71,12.76,109.32601880877743,"Sell High, Buy Low"
2016-04-29,26.47,12.63,109.58036421219317,"Sell High, Buy Low"
2016-04-28,26.61,12.72,109.19811320754715,"Sell High, Buy Low"
2016-04-27,26.52,12.86,106.2208398133748,"Sell High, Buy Low"
2016-04-26,26.52,12.92,105.26315789473684,"Sell High, Buy Low"
2016-04-25,26.58,12.98,104.77657935285052,
2016-04-22,26.7,13.02,105.06912442396315,"Sell High, Buy Low"
2016-04-21,26.81,13.18,103.4142640364188,
2016-04-20,27.46,13.23,107.55857898715043,"Sell High, Buy Low"
2016-04-19,27.11,13.17,105.8466211085801,"Sell High, Buy Low"
2016-04-18,27.19,13.23,105.51776266061981,"Sell High, Buy Low"
2016-04-15,27.19,13.2,105.9848484848485,"Sell High, Buy Low"
2016-04-14,27.0,13.23,104.0816326530612,
2016-04-13,26.83,13.24,102.64350453172204,
2016-04-12,26.99,13.03,107.13737528779738,"Sell High, Buy Low"
2016-04-11,27.09,13.02,108.06451612903227,"Sell High, Buy Low"
2016-04-08,27.18,12.99,109.23787528868361,"Sell High, Buy Low"
2016-04-07,27.09,13.0,108.38461538461539,"Sell High, Buy Low"
2016-04-06,27.1,13.11,106.71243325705571,"Sell High, Buy Low"
2016-04-05,27.5,12.98,111.86440677966101,"Sell High, Buy Low"
2016-04-04,27.93,13.14,112.55707762557077,"Sell High, Buy Low"
2016-04-01,27.95,13.17,112.22475322703114,"Sell High, Buy Low"
2016-03-31,28.02,13.04,114.87730061349694,"Sell High, Buy Low"
2016-03-30,28.23,13.06,116.15620214395099,"Sell High, Buy Low"
2016-03-29,27.81,12.99,114.08775981524248,"Sell High, Buy Low"
2016-03-28,27.89,12.81,117.72053083528493,"Sell High, Buy Low"
2016-03-24,27.78,12.8,117.03124999999999,"Sell High, Buy Low"
2016-03-23,27.68,12.8,116.24999999999999,"Sell High, Buy Low"
2016-03-22,27.46,12.91,112.70333075135555,"Sell High, Buy Low"
2016-03-21,27.54,12.86,114.1524105754277,"Sell High, Buy Low"
2016-03-18,27.47,12.83,114.10756040530006,"Sell High, Buy Low"
2016-03-17,28.06,12.81,119.04761904761902,"Sell High, Buy Low"
2016-03-16,27.94,12.83,117.77084957131723,"Sell High, Buy Low"
2016-03-15,27.94,12.7,120.00000000000001,"Sell High, Buy Low"
2016-03-14,27.7,12.74,117.42543171114599,"Sell High, Buy Low"
2016-03-11,27.68,12.68,118.29652996845425,"Sell High, Buy Low"
2016-03-10,27.44,12.48,119.87179487179486,"Sell High, Buy Low"
2016-03-09,27.8,12.48,122.75641025641026,"Sell High, Buy Low"
2016-03-08,27.97,12.48,124.11858974358974,"Sell High, Buy Low"
2016-03-07,27.68,12.49,121.61729383506805,"Sell High, Buy Low"
2016-03-04,27.44,12.61,117.60507533703412,"Sell High, Buy Low"
2016-03-03,27.62,12.59,119.38046068308181,"Sell High, Buy Low"
2016-03-02,27.75,12.61,120.06344171292626,"Sell High, Buy Low"
2016-03-01,27.91,12.61,121.33227597145124,"Sell High, Buy Low"
2016-02-29,27.48,12.27,123.96088019559903,"Sell High, Buy Low"
2016-02-26,27.5,12.33,123.03325223033252,"Sell High, Buy Low"
2016-02-25,27.2,12.28,121.4983713355049,"Sell High, Buy Low"
2016-02-24,27.07,12.24,121.16013071895424,"Sell High, Buy Low"
2016-02-23,26.94,12.15,121.72839506172839,"Sell High, Buy Low"
2016-02-22,26.86,12.3,118.37398373983739,"Sell High, Buy Low"
2016-02-19,26.74,12.14,120.2635914332784,"Sell High, Buy Low"
2016-02-18,26.71,12.12,120.37953795379539,"Sell High, Buy Low"
2016-02-17,26.37,12.23,115.61733442354864,"Sell High, Buy Low"
2016-02-16,25.88,11.92,117.11409395973153,"Sell High, Buy Low"
2016-02-12,25.48,11.7,117.7777777777778,"Sell High, Buy Low"
2016-02-11,25.21,11.54,118.45753899480071,"Sell High, Buy Low"
2016-02-10,25.55,11.56,121.02076124567473,"Sell High, Buy Low"
2016-02-09,25.57,11.5,122.34782608695653,"Sell High, Buy Low"
2016-02-08,25.46,11.37,123.92260334212844,"Sell High, Buy Low"
2016-02-05,25.97,11.68,122.34589041095889,"Sell High, Buy Low"
2016-02-04,26.03,12.14,114.41515650741351,"Sell High, Buy Low"
2016-02-03,26.17,12.15,115.39094650205762,"Sell High, Buy Low"
2016-02-02,26.01,12.2,113.19672131147544,"Sell High, Buy Low"
2016-02-01,26.16,12.5,109.28,"Sell High, Buy Low"
2016-01-29,26.38,12.43,112.22847948511665,"Sell High, Buy Low"
2016-01-28,26.03,12.15,114.23868312757202,"Sell High, Buy Low"
2016-01-27,25.79,12.01,114.7377185678601,"Sell High, Buy Low"
2016-01-26,25.94,12.29,111.0659072416599,"Sell High, Buy Low"
2016-01-25,26.01,12.21,113.02211302211302,"Sell High, Buy Low"
2016-01-22,25.94,12.39,109.36238902340598,"Sell High, Buy Low"
2016-01-21,25.43,12.06,110.86235489220562,"Sell High, Buy Low"
2016-01-20,24.89,11.99,107.58965804837364,"Sell High, Buy Low"
2016-01-19,25.18,12.04,109.13621262458473,"Sell High, Buy Low"
2016-01-18,24.9,12.01,107.32722731057451,"Sell High, Buy Low"
2016-01-15,25.43,11.98,112.27045075125208,"Sell High, Buy Low"
2016-01-14,25.67,12.43,106.51649235720033,"Sell High, Buy Low"
2016-01-13,25.18,12.23,105.88716271463613,"Sell High, Buy Low"
2016-01-12,25.39,12.61,101.34813639968282,
2016-01-11,25.26,12.47,102.56615878107458,
2016-01-08,25.57,12.43,105.71198712791634,"Sell High, Buy Low"
2016-01-07,25.52,12.57,103.02307080350039,
2016-01-06,25.67,12.93,98.53054911059553,
2016-01-05,25.43,13.09,94.27043544690603,
2016-01-04,25.49,12.96,96.68209876543207,
2015-12-31,25.81,13.4,92.61194029850745,
2015-12-30,26.37,13.58,94.18262150220914,
2015-12-29,26.51,13.69,93.64499634769908,
2015-12-24,26.28,13.51,94.52257586972614,
2015-12-23,26.12,13.49,93.62490733876946,
2015-12-22,26.16,13.37,95.66192969334331,
2015-12-21,26.0,13.23,96.52305366591081,
2015-12-18,25.95,13.26,95.70135746606334,
2015-12-17,25.91,13.46,92.49628528974739,
2015-12-16,26.12,13.65,91.35531135531136,
2015-12-15,25.92,13.45,92.71375464684017,
2015-12-14,25.63,13.35,91.98501872659176,
2015-12-11,25.48,13.31,91.43501126972201,
2015-12-10,25.86,13.64,89.58944281524926,
2015-12-09,25.6,13.51,89.48926720947448,
2015-12-08,25.63,13.68,87.35380116959064,
2015-12-07,26.08,13.69,90.50401753104455,
2015-12-04,25.96,13.79,88.25235678027558,
2015-12-03,25.82,13.46,91.82763744427933,
2015-12-02,26.09,13.7,90.43795620437956,
2015-12-01,26.32,13.77,91.14015976761075,
2015-11-30,26.01,13.65,90.54945054945055,
2015-11-27,26.13,13.71,90.59080962800873,
2015-11-26,26.41,13.73,92.35251274581209,
2015-11-25,26.55,13.68,94.07894736842107,
2015-11-24,26.22,13.66,91.94729136163981,
2015-11-23,26.09,13.66,90.99560761346999,
2015-11-20,25.96,13.69,89.627465303141,
2015-11-19,25.92,13.65,89.8901098901099,
2015-11-18,26.06,13.59,91.75864606328182,
2015-11-17,25.69,13.33,92.72318079519881,
2015-11-16,25.52,13.32,91.59159159159158,
2015-11-13,24.69,13.16,87.61398176291793,
2015-11-12,24.86,13.42,85.24590163934425,
2015-11-11,25.4,13.56,87.31563421828908,
2015-11-10,25.43,13.56,87.53687315634218,
2015-11-09,25.52,13.6,87.6470588235294,
2015-11-06,25.7,13.72,87.31778425655975,
2015-11-05,25.98,13.75,88.94545454545455,
2015-11-04,25.9,13.77,88.09005083514887,
2015-11-03,25.62,13.77,86.0566448801743,
2015-11-02,25.29,13.73,84.19519300801164,
2015-10-30,25.47,13.65,86.59340659340658,
2015-10-29,25.66,13.64,88.12316715542521,
2015-10-28,25.98,13.62,90.74889867841411,
2015-10-27,25.96,13.52,92.01183431952664,
2015-10-26,26.33,13.52,94.74852071005917,
2015-10-23,26.53,13.5,96.51851851851852,
2015-10-22,26.62,13.14,102.5875190258752,
2015-10-21,26.27,12.97,102.54433307632998,
2015-10-20,26.03,12.96,100.84876543209876,
2015-10-19,25.96,13.02,99.38556067588327,
2015-10-16,25.74,12.91,99.38032532920215,
2015-10-15,25.78,12.87,100.31080031080033,
2015-10-14,25.61,12.71,101.49488591660108,
2015-10-13,25.9,12.74,103.29670329670328,
2015-10-09,25.43,12.75,99.45098039215686,
2015-10-08,25.55,12.65,101.97628458498025,
2015-10-07,25.51,12.59,102.62112787926927,
2015-10-06,25.64,12.58,103.81558028616853,
2015-10-05,25.96,12.66,105.05529225908374,"Sell High, Buy Low"
2015-10-02,25.54,12.46,104.97592295345102,"Sell High, Buy Low"
2015-10-01,25.41,12.2,108.27868852459017,"Sell High, Buy Low"
2015-09-30,25.54,12.22,109.00163666121112,"Sell High, Buy Low"
2015-09-29,25.26,11.9,112.26890756302521,"Sell High, Buy Low"
2015-09-28,25.49,12.03,111.88694929343308,"Sell High, Buy Low"
2015-09-25,25.63,12.35,107.53036437246963,"Sell High, Buy Low"
2015-09-24,25.63,12.49,105.20416333066451,"Sell High, Buy Low"
2015-09-23,25.68,12.51,105.27577937649882,"Sell High, Buy Low"
2015-09-22,25.82,12.51,106.39488409272582,"Sell High, Buy Low"
2015-09-21,25.96,12.7,104.40944881889766,
2015-09-18,25.65,12.68,102.28706624605677,
2015-09-17,25.55,12.87,98.52369852369854,
2015-09-16,25.62,12.8,100.15624999999999,
2015-09-15,25.27,12.78,97.73082942097028,
2015-09-14,25.23,12.62,99.92076069730588,
2015-09-11,25.35,12.61,101.03092783505157,
2015-09-10,25.58,12.56,103.66242038216558,
2015-09-09,25.8,12.5,106.4,"Sell High, Buy Low"
2015-09-08,25.81,12.59,105.00397140587768,"Sell High, Buy Low"
2015-09-04,25.58,12.26,108.64600326264274,"Sell High, Buy Low"
2015-09-03,25.82,12.4,108.22580645161291,"Sell High, Buy Low"
2015-09-02,25.63,12.23,109.5666394112837,"Sell High, Buy Low"
2015-09-01,25.03,12.11,106.68868703550787,"Sell High, Buy Low"
2015-08-31,25.16,12.53,100.79808459696729,
2015-08-28,25.57,12.67,101.81531176006315,
2015-08-27,25.66,12.66,102.68562401263823,
2015-08-26,25.49,12.35,106.39676113360323,"Sell High, Buy Low"
2015-08-25,25.39,11.74,116.26916524701873,"Sell High, Buy Low"
2015-08-24,24.84,11.92,108.38926174496643,"Sell High, Buy Low"
2015-08-21,25.19,12.32,104.46428571428572,
2015-08-20,25.94,12.93,100.61871616395979,
2015-08-19,26.37,13.21,99.62149886449659,
2015-08-18,26.36,13.3,98.1954887218045,
2015-08-17,26.43,13.32,98.42342342342342,
2015-08-14,26.56,13.26,100.30165912518854,
2015-08-13,26.39,13.24,99.32024169184291,
2015-08-12,26.08,13.27,96.53353428786737,
2015-08-11,26.2,13.24,97.88519637462235,
2015-08-10,26.15,13.4,95.14925373134326,
2015-08-07,26.25,13.24,98.26283987915407,
2015-08-06,26.31,13.27,98.26676714393369,
2015-08-05,26.47,13.49,96.21942179392141,
2015-08-04,26.18,13.36,95.95808383233533,
2015-07-31,25.67,13.44,90.99702380952382,
2015-07-30,25.59,13.47,89.97772828507794,
2015-07-29,25.49,13.39,90.36594473487676,
2015-07-28,25.24,13.33,89.34733683420853,
2015-07-27,25.41,13.22,92.20877458396369,
2015-07-24,25.54,13.35,91.31086142322097,
2015-07-23,25.48,13.46,89.30163447251114,
2015-07-22,25.21,13.52,86.46449704142013,
2015-07-21,25.19,13.69,84.0029218407597,
2015-07-20,25.22,13.71,83.95331874544127,
2015-07-17,25.49,13.61,87.28875826598089,
2015-07-16,25.22,13.44,87.64880952380952,
2015-07-15,25.05,13.22,89.48562783661119,
2015-07-14,24.68,13.23,86.54572940287225,
2015-07-13,24.31,13.13,85.14851485148512,
2015-07-10,23.82,12.9,84.65116279069768,
2015-07-09,23.74,12.71,86.78206136900076,
2015-07-08,23.94,12.73,88.05970149253731,
2015-07-07,24.22,12.94,87.17156105100463,
2015-07-06,24.11,12.88,87.1894409937888,
2015-07-03,24.23,12.96,86.95987654320987,
2015-07-02,24.13,12.96,86.18827160493825,
2015-06-30,24.02,12.8,87.65624999999999,
2015-06-29,23.96,12.8,87.1875,
2015-06-26,24.58,13.12,87.34756097560975,
2015-06-25,24.61,13.2,86.43939393939395,
2015-06-24,24.64,13.21,86.52535957607871,
2015-06-23,24.51,13.26,84.84162895927602,
2015-06-22,24.45,13.27,84.25018839487566,
2015-06-19,24.35,13.18,84.7496206373293,
2015-06-18,24.37,13.23,84.20256991685562,
2015-06-17,24.34,13.04,86.65644171779142,
2015-06-16,24.45,13.06,87.21286370597242,
2015-06-15,24.45,12.99,88.22170900692839,
2015-06-12,24.21,13.07,85.23335883703137,
2015-06-11,24.16,13.16,83.58662613981764,
2015-06-10,24.18,13.17,83.59908883826878,
2015-06-09,23.92,12.98,84.28351309707243,
2015-06-08,23.78,12.99,83.06389530408008,
2015-06-05,23.96,13.13,82.48286367098248,
2015-06-04,23.99,13.14,82.57229832572295,
2015-06-03,24.23,13.24,83.00604229607251,
2015-06-02,23.83,13.21,80.39364118092351,
2015-06-01,23.86,13.26,79.93966817496229,
2015-05-29,23.84,13.23,80.1965230536659,
2015-05-28,24.1,13.29,81.339352896915,
2015-05-27,24.02,13.32,80.33033033033033,
2015-05-26,23.76,13.08,81.651376146789,
2015-05-25,23.95,13.27,80.48229088168803,
2015-05-22,23.86,13.27,79.80406932931425,
2015-05-21,24.02,13.26,81.14630467571644,
2015-05-20,23.97,13.21,81.45344436033307,
2015-05-19,24.03,13.18,82.3216995447648,
2015-05-15,24.07,13.14,83.18112633181126,
2015-05-14,23.82,13.14,81.27853881278538,
2015-05-13,23.37,12.95,80.46332046332047,
2015-05-12,23.56,12.96,81.7901234567901,
2015-05-11,23.76,13.0,82.76923076923079,
2015-05-08,23.76,13.04,82.20858895705524,
2015-05-07,23.75,12.87,84.53768453768456,
2015-05-06,23.79,12.79,86.00469116497264,
2015-05-05,23.61,12.9,83.02325581395348,
2015-05-04,23.92,13.11,82.45614035087722,
2015-05-01,23.58,13.06,80.5513016845329,
2015-04-30,23.56,12.89,82.77734678044995,
2015-04-29,24.06,13.11,83.52402745995423,
2015-04-28,24.17,13.19,83.2448824867324,
2015-04-27,24.1,13.2,82.57575757575759,
2015-04-24,24.12,13.24,82.17522658610272,
2015-04-23,24.14,13.12,83.99390243902441,
2015-04-22,24.1,13.04,84.81595092024541,
2015-04-21,24.23,12.97,86.81572860447186,
2015-04-20,24.13,12.91,86.90937257939581,
2015-04-17,24.37,12.73,91.43754909662215,
2015-04-16,24.63,12.9,90.93023255813952,
2015-04-15,24.77,12.89,92.1644685802948,
2015-04-14,25.11,12.85,95.40856031128405,
2015-04-13,25.21,12.89,95.57796741660202,
2015-04-10,24.99,12.91,93.57087529047249,
2015-04-09,25.09,12.86,95.10108864696734,
2015-04-08,25.03,12.77,96.00626468285046,
2015-04-07,25.03,12.74,96.46781789638933,
2015-04-06,24.7,12.74,93.87755102040816,
2015-04-02,24.77,12.62,96.2757527733756,
2015-04-01,24.36,12.56,93.94904458598725,
2015-03-31,24.21,12.69,90.78014184397163,
2015-03-30,24.37,12.8,90.390625,
2015-03-27,24.3,12.63,92.39904988123516,
2015-03-26,24.23,12.64,91.69303797468355,
2015-03-25,24.55,12.68,93.61198738170347,
2015-03-24,24.91,12.99,91.76289453425713,
2015-03-23,24.28,13.03,86.33921719109749,
2015-03-20,24.23,13.06,85.52833078101072,
2015-03-19,23.99,12.94,85.39412673879443,
2015-03-18,24.45,12.93,89.0951276102088,
2015-03-17,24.2,12.78,89.358372456964,
2015-03-16,24.03,12.76,88.32288401253919,
2015-03-13,23.67,12.61,87.70816812053927,
2015-03-12,23.74,12.67,87.37174427782162,
2015-03-11,23.61,12.63,86.9358669833729,
2015-03-10,23.68,12.67,86.89818468823994,
2015-03-09,24.05,12.89,86.57874321179209,
2015-03-06,23.86,12.88,85.24844720496893,
2015-03-05,24.27,13.02,86.40552995391705,
2015-03-04,24.18,13.0,86.0,
2015-03-03,24.09,13.04,84.739263803681,
2015-03-02,24.37,13.09,86.17265087853325,
2015-02-27,24.48,12.97,88.7432536622976,
2015-02-26,24.53,13.02,88.40245775729649,
2015-02-25,24.44,12.97,88.43484965304549,
2015-02-24,24.83,13.0,90.99999999999999,
2015-02-23,24.39,13.0,87.61538461538461,
2015-02-20,24.42,12.98,88.13559322033899,
2015-02-19,24.18,12.88,87.73291925465837,
2015-02-18,24.0,12.81,87.35362997658079,
2015-02-17,24.24,12.79,89.5230648944488,
2015-02-13,23.92,12.79,87.02111024237689,
2015-02-12,24.14,12.68,90.37854889589906,
2015-02-11,24.06,12.52,92.17252396166134,
2015-02-10,23.88,12.51,90.8872901678657,
2015-02-09,23.35,12.33,89.37550689375507,
2015-02-06,23.49,12.38,89.74151857835216,
2015-02-05,23.69,12.4,91.04838709677419,
2015-02-04,24.05,12.3,95.52845528455283,
2015-02-03,23.94,12.3,94.6341463414634,
2015-02-02,24.48,12.22,100.32733224222585,
2015-01-30,24.12,12.11,99.17423616845585,
2015-01-29,24.14,12.21,97.7067977067977,
2015-01-28,23.74,12.13,95.71310799670236,
2015-01-27,23.68,12.22,93.78068739770866,
2015-01-26,23.27,12.5,86.16,
2015-01-23,23.35,12.52,86.50159744408947,
2015-01-22,23.2,12.37,87.55052546483428,
2015-01-21,22.74,12.26,85.48123980424143,
2015-01-20,22.4,12.21,83.45618345618342,
2015-01-19,22.53,12.13,85.73784006595218,
2015-01-16,22.61,12.12,86.55115511551156,
2015-01-15,22.57,11.98,88.39732888146911,
2015-01-14,22.43,12.08,85.67880794701986,
2015-01-13,22.7,12.14,86.98517298187808,
2015-01-12,22.48,12.18,84.5648604269294,
2015-01-09,22.46,12.34,82.0097244732577,
2015-01-08,22.83,12.4,84.11290322580643,
2015-01-07,22.77,12.16,87.2532894736842,
2015-01-06,22.46,12.07,86.08119304059653,
2015-01-05,23.07,12.21,88.94348894348893,
2015-01-02,23.51,12.35,90.36437246963564,
2014-12-31,23.47,12.43,88.81737731295253,
2014-12-30,23.34,12.51,86.57074340527579,
2014-12-29,23.3,12.62,84.62757527733757,
2014-12-24,23.34,12.66,84.3601895734597,
2014-12-23,23.31,12.63,84.5605700712589,
2014-12-22,22.97,12.65,81.58102766798417,
2014-12-19,23.02,12.63,82.26444972288202,
2014-12-18,22.66,12.56,80.4140127388535,
2014-12-17,22.04,12.26,79.7716150081566,
2014-12-16,21.92,12.08,81.45695364238412,
2014-12-15,21.98,12.27,79.13610431947842,
2014-12-12,21.71,12.39,75.22195318805488,
2014-12-11,21.87,12.5,74.96000000000001,
2014-12-10,21.55,12.48,72.67628205128204,
2014-12-09,21.69,12.64,71.59810126582279,
2014-12-08,21.48,12.59,70.61159650516284,
2014-12-05,21.68,12.71,70.57435090479936,
2014-12-04,21.51,12.73,68.97093479968579,
2014-12-03,21.78,12.67,71.90213101815313,
2014-12-02,22.02,12.68,73.65930599369085,
2014-12-01,22.01,12.64,74.12974683544304,
2014-11-28,21.92,12.79,71.3838936669273,
2014-11-27,21.64,12.73,69.99214454045561,
2014-11-26,21.43,12.71,68.60739575137686,
2014-11-25,21.35,12.63,69.04196357878068,
2014-11-24,21.19,12.63,67.77513855898654,
2014-11-21,21.48,12.52,71.56549520766774,
2014-11-20,21.61,12.5,72.88,
2014-11-19,21.91,12.44,76.12540192926046,
2014-11-18,21.34,12.5,70.72,
2014-11-17,21.21,12.4,71.04838709677419,
2014-11-14,21.35,12.41,72.03867848509267,
2014-11-13,21.07,12.4,69.91935483870968,
2014-11-12,20.92,12.34,69.52998379254458,
2014-11-11,20.63,12.31,67.58732737611697,
2014-11-10,20.68,12.28,68.40390879478828,
2014-11-07,20.34,12.23,66.31234668847097,
2014-11-06,20.59,12.2,68.7704918032787,
2014-11-05,20.55,12.17,68.85784716516024,
2014-11-04,20.42,12.22,67.10310965630116,
2014-11-03,20.25,12.26,65.17128874388256,
2014-10-31,20.57,12.22,68.33060556464811,
2014-10-30,20.29,12.02,68.80199667221298,
2014-10-29,20.23,12.0,68.58333333333334,
2014-10-28,20.52,12.03,70.57356608478803,
2014-10-27,20.39,11.88,71.63299663299662,
2014-10-24,20.18,11.89,69.7224558452481,
2014-10-23,19.72,11.78,67.40237691001698,
2014-10-22,19.52,11.65,67.55364806866952,
2014-10-21,19.7,11.65,69.09871244635191,
2014-10-20,19.56,11.35,72.33480176211454,
2014-10-17,19.43,11.22,73.17290552584669,
2014-10-16,19.37,11.1,74.50450450450452,
2014-10-15,19.23,11.06,73.86980108499095,
2014-10-14,19.49,11.21,73.86262265834074,
2014-10-10,19.77,11.4,73.42105263157895,
2014-10-09,19.79,11.69,69.28999144568007,
2014-10-08,19.9,11.66,70.6689536878216,
2014-10-07,19.72,11.65,69.2703862660944,
2014-10-06,19.76,11.8,67.45762711864407,
2014-10-03,19.88,11.86,67.62225969645868,
2014-10-02,19.65,11.73,67.51918158567773,
2014-10-01,19.63,11.94,64.40536013400336,
2014-09-30,19.57,11.94,63.90284757118929,
2014-09-29,19.54,11.87,64.61668070766639,
2014-09-26,19.42,11.9,63.19327731092438,
2014-09-25,19.43,11.79,64.80067854113656,
2014-09-24,19.66,11.91,65.07136859781696,
2014-09-23,19.86,11.91,66.7506297229219,
2014-09-22,19.78,11.89,66.3582842724979,
2014-09-19,19.73,12.06,63.59867330016583,
2014-09-18,19.93,12.04,65.53156146179403,
2014-09-17,20.01,12.02,66.47254575707157,
2014-09-16,19.97,11.93,67.39312657166806,
2014-09-15,19.81,11.84,67.31418918918918,
2014-09-12,19.84,11.95,66.02510460251047,
2014-09-11,19.72,12.01,64.19650291423812,
2014-09-10,19.65,12.03,63.34164588528678,
2014-09-09,19.73,11.94,65.24288107202682,
2014-09-08,19.93,12.02,65.80698835274544,
2014-09-05,19.84,11.99,65.47122602168474,
2014-09-04,19.86,12.0,65.49999999999999,
2014-09-03,19.46,11.95,62.84518828451885,
2014-09-02,19.2,11.99,60.13344453711426,
2014-08-29,19.11,11.97,59.64912280701753,
2014-08-28,19.11,11.95,59.91631799163181,
2014-08-27,19.0,11.96,58.8628762541806,
2014-08-26,18.97,11.96,58.61204013377924,
2014-08-25,18.93,11.96,58.277591973244135,
2014-08-22,18.71,11.9,57.22689075630253,
2014-08-21,18.67,11.87,57.28727885425445,
2014-08-20,18.7,11.86,57.67284991568297,
2014-08-19,18.89,11.86,59.274873524451955,
2014-08-18,18.8,11.79,59.45716709075489,
2014-08-15,18.65,11.64,60.223367697594476,
2014-08-14,18.65,11.64,60.223367697594476,
2014-08-13,18.47,11.58,59.49913644214161,
2014-08-12,18.52,11.44,61.888111888111894,
2014-08-11,18.63,11.5,61.999999999999986,
2014-08-08,18.5,11.4,62.28070175438596,
2014-08-07,18.61,11.3,64.69026548672565,
2014-08-06,18.83,11.42,64.8861646234676,
2014-08-05,18.78,11.32,65.90106007067138,
2014-08-01,18.69,11.36,64.52464788732397,
2014-07-31,18.59,11.42,62.784588441331,
2014-07-30,18.72,11.63,60.96302665520204,
2014-07-29,18.65,11.66,59.948542024013705,
2014-07-28,18.54,11.63,59.41530524505587,
2014-07-25,18.56,11.62,59.72461273666093,
2014-07-24,18.34,11.69,56.886227544910184,
2014-07-23,18.17,11.68,55.565068493150704,
2014-07-22,18.0,11.61,55.038759689922486,
2014-07-21,17.89,11.54,55.02599653379551,
2014-07-18,17.98,11.42,57.443082311733804,
2014-07-17,17.9,11.38,57.29349736379611,
2014-07-16,17.93,11.54,55.37261698440209,
2014-07-15,17.55,11.44,53.40909090909092,
2014-07-14,17.55,11.52,52.343750000000014,
2014-07-11,17.55,11.4,53.94736842105263,
2014-07-10,17.55,11.41,53.81244522348817,
2014-07-09,17.55,11.4,53.94736842105263,
2014-07-08,17.55,11.34,54.761904761904766,
2014-07-07,17.48,11.44,52.7972027972028,
2014-07-04,17.65,11.49,53.611836379460385,
2014-07-03,17.55,11.5,52.60869565217392,
2014-07-02,17.62,11.42,54.29071803852891,
2014-06-30,17.56,11.28,55.673758865248224,
2014-06-27,17.49,11.24,55.60498220640567,
2014-06-26,17.38,11.2,55.17857142857143,
2014-06-25,17.43,11.18,55.903398926654745,
2014-06-24,17.43,11.13,56.603773584905646,
2014-06-23,17.43,11.13,56.603773584905646,
2014-06-20,17.45,11.12,56.92446043165468,
2014-06-19,17.72,11.16,58.78136200716845,
2014-06-18,17.71,11.14,58.97666068222621,
2014-06-17,17.76,11.15,59.282511210762344,
2014-06-16,17.76,11.13,59.56873315363882,
2014-06-13,17.63,11.11,58.68586858685868,
2014-06-12,17.61,11.08,58.93501805054151,
2014-06-11,17.63,11.2,57.410714285714285,
2014-06-10,17.61,11.19,57.37265415549599,
2014-06-09,17.57,11.18,57.15563506261181,
2014-06-06,17.25,11.16,54.56989247311827,
2014-06-05,17.26,11.13,55.0763701707098,
2014-06-04,17.2,11.03,55.938349954669086,
2014-06-03,17.21,10.98,56.73952641165756,
2014-06-02,17.16,10.98,56.284153005464475,
2014-05-30,17.16,10.98,56.284153005464475,
2014-05-29,17.15,10.97,56.335460346399245,
2014-05-28,17.27,10.95,57.716894977168955,
2014-05-27,17.26,10.96,57.481751824817515,
2014-05-26,17.31,10.84,59.68634686346862,
2014-05-23,17.27,10.82,59.611829944547125,
2014-05-22,17.41,10.78,61.502782931354375,
2014-05-21,17.41,10.67,63.16776007497658,
2014-05-20,17.32,10.63,62.935089369708365,
2014-05-16,17.45,10.57,65.08987701040681,
2014-05-15,17.45,10.5,66.19047619047619,
2014-05-14,17.52,10.63,64.8165569143932,
2014-05-13,17.56,10.63,65.19285042333017,
2014-05-12,17.51,10.61,65.03298774740813,
2014-05-09,17.48,10.45,67.27272727272728,
2014-05-08,17.49,10.41,68.0115273775216,
2014-05-07,17.59,10.39,69.29740134744947,
2014-05-06,17.6,10.48,67.93893129770993,
2014-05-05,17.66,10.58,66.91871455576559,
2014-05-02,17.8,10.58,68.24196597353497,
2014-05-01,17.63,10.56,66.95075757575756,
2014-04-30,17.48,10.5,66.47619047619048,
2014-04-29,17.22,10.51,63.84395813510941,
2014-04-28,17.27,10.28,67.99610894941634,
2014-04-25,17.14,10.55,62.46445497630331,
2014-04-24,17.16,10.55,62.65402843601895,
2014-04-23,17.2,10.48,64.12213740458014,
2014-04-22,16.98,10.58,60.49149338374291,
2014-04-21,16.99,10.44,62.73946360153256,
2014-04-17,17.07,10.4,64.13461538461537,
2014-04-16,17.17,10.38,65.41425818882468,
2014-04-15,17.0,10.22,66.34050880626222,
2014-04-14,16.99,10.17,67.0599803343166,
2014-04-11,16.91,10.14,66.76528599605523,
2014-04-10,16.91,10.29,64.33430515063169,
2014-04-09,17.08,10.58,61.436672967863885,
2014-04-08,17.14,10.4,64.8076923076923,
2014-04-07,17.17,10.32,66.37596899224806,
2014-04-04,17.27,10.42,65.73896353166985,
2014-04-03,17.28,10.69,61.6463985032741,
2014-04-02,17.2,10.77,59.70287836583101,
2014-04-01,17.2,10.73,60.29822926374649,
2014-03-31,17.2,10.59,62.417374881964115,
2014-03-28,17.15,10.6,61.79245283018867,
2014-03-27,17.15,10.5,63.33333333333332,
2014-03-26,17.19,10.59,62.322946175637405,
2014-03-25,17.2,10.65,61.50234741784036,
2014-03-24,17.33,10.64,62.87593984962404,
2014-03-21,17.33,10.72,61.66044776119401,
2014-03-20,17.2,10.88,58.08823529411763,
2014-03-19,17.16,10.86,58.01104972375691,
2014-03-18,17.07,10.88,56.89338235294117,
2014-03-17,16.82,10.77,56.17455896007429,
2014-03-14,16.72,10.65,56.995305164319234,
2014-03-13,16.76,10.72,56.343283582089555,
2014-03-12,16.91,10.85,55.852534562211986,
2014-03-11,16.82,10.88,54.595588235294116,
2014-03-10,17.05,10.88,56.709558823529406,
2014-03-07,16.99,10.88,56.15808823529409,
2014-03-06,16.93,10.92,55.03663003663003,
2014-03-05,16.87,10.94,54.20475319926875,
2014-03-04,16.89,10.9,54.954128440366965,
2014-03-03,16.78,10.75,56.09302325581397,
2014-02-28,16.82,10.77,56.17455896007429,
2014-02-27,16.82,10.85,55.02304147465439,
2014-02-26,16.78,10.77,55.80315691736306,
2014-02-25,16.76,10.79,55.329008341056564,
2014-02-24,16.85,10.84,55.4428044280443,
2014-02-21,16.71,10.77,55.1532033426184,
2014-02-20,16.71,10.77,55.1532033426184,
2014-02-19,16.39,10.72,52.89179104477611,
2014-02-18,16.4,10.8,51.851851851851826,
2014-02-14,16.51,10.75,53.581395348837226,
2014-02-13,16.39,10.73,52.7493010251631,
2014-02-12,16.39,10.65,53.89671361502347,
2014-02-11,16.29,10.63,53.24553151458136,
2014-02-10,16.33,10.47,55.969436485195764,
2014-02-07,16.34,10.45,56.363636363636374,
2014-02-06,16.18,10.27,57.5462512171373,
2014-02-05,16.1,10.15,58.62068965517242,
2014-02-04,16.12,10.15,58.817733990147794,
2014-02-03,16.25,10.08,61.210317460317455,
2014-01-31,16.31,10.37,57.28061716489875,
2014-01-30,16.34,10.37,57.56991321118612,
2014-01-29,16.08,10.14,58.57988165680471,
2014-01-28,16.08,10.25,56.87804878048779,
2014-01-27,16.0,10.3,55.339805825242706,
2014-01-24,16.16,10.4,55.38461538461538,
2014-01-23,16.3,10.59,53.91879131255902,
2014-01-22,16.42,10.64,54.3233082706767,
2014-01-21,16.42,10.6,54.905660377358515,
2014-01-20,16.42,10.56,55.492424242424256,
2014-01-17,16.24,10.51,54.51950523311131,
2014-01-16,16.24,10.59,53.352219074598665,
2014-01-15,16.24,10.6,53.207547169811306,
2014-01-14,16.17,10.49,54.14680648236418,
2014-01-13,16.19,10.28,57.490272373540876,
2014-01-10,16.24,10.41,56.00384245917386,
2014-01-09,16.21,10.4,55.86538461538461,
2014-01-08,16.21,10.45,55.1196172248804,
2014-01-07,16.03,10.44,53.54406130268201,
2014-01-06,15.96,10.33,54.50145208131656,
2014-01-03,15.95,10.39,53.51299326275263,
2014-01-02,15.97,10.44,52.96934865900384,
2013-12-31,16.08,10.52,52.85171102661595,
2013-12-30,16.08,10.46,53.72848948374758,
2013-12-27,16.06,10.48,53.24427480916029,
2013-12-24,16.04,10.52,52.471482889733835,
2013-12-23,15.99,10.49,52.430886558627265,
2013-12-20,16.07,10.42,54.22264875239924,
2013-12-19,16.0,10.29,55.4907677356657,
2013-12-18,15.99,10.28,55.544747081712075,
2013-12-17,15.93,10.2,56.176470588235304,
2013-12-16,15.9,10.22,55.57729941291585,
2013-12-13,15.7,10.17,54.3756145526057,
2013-12-12,15.7,10.21,53.770812928501456,
2013-12-11,15.93,10.26,55.26315789473685,
2013-12-10,15.94,10.35,54.00966183574879,
2013-12-09,15.98,10.35,54.396135265700494,
2013-12-06,16.02,10.31,55.38312318137729,
2013-12-05,16.16,10.22,58.12133072407044,
2013-12-04,16.18,10.22,58.317025440313095,
2013-12-03,16.2,10.2,58.82352941176471,
2013-12-02,16.22,10.27,57.93573515092502,
2013-11-29,16.1,10.23,57.380254154447705,
2013-11-28,16.02,10.24,56.445312499999986,
2013-11-27,16.01,10.2,56.96078431372552,
2013-11-26,16.06,10.12,58.69565217391304,
2013-11-25,15.99,10.08,58.63095238095239,
2013-11-22,15.95,9.98,59.819639278557105,
2013-11-21,16.02,9.98,60.52104208416833,
2013-11-20,15.89,9.89,60.66734074823054,
2013-11-19,15.81,9.96,58.73493975903613,
2013-11-18,15.78,9.94,58.752515090543255,
2013-11-15,15.75,10.04,56.87250996015938,
2013-11-14,15.8,10.0,58.00000000000001,
2013-11-13,15.86,9.95,59.39698492462312,
2013-11-12,16.27,9.88,64.67611336032387,
2013-11-11,16.26,9.86,64.90872210953349,
2013-11-08,16.36,9.86,65.92292089249493,
2013-11-07,16.29,9.76,66.90573770491802,
2013-11-06,16.37,9.93,64.85397784491441,
2013-11-05,16.39,9.96,64.5582329317269,
2013-11-04,16.42,9.92,65.52419354838712,
2013-11-01,16.37,9.9,65.35353535353535,
2013-10-31,16.34,9.95,64.2211055276382,
2013-10-30,16.31,9.92,64.41532258064515,
2013-10-29,16.3,9.94,63.983903420523156,
2013-10-28,16.24,9.94,63.38028169014084,
2013-10-25,16.24,9.91,63.874873864783034,
2013-10-24,16.24,9.85,64.8730964467005,
2013-10-23,16.29,9.79,66.39427987742596,
2013-10-22,16.21,9.87,64.23505572441745,
2013-10-21,16.21,9.84,64.73577235772359,
2013-10-18,16.15,9.83,64.29298067141403,
2013-10-17,16.07,9.67,66.18407445708377,
2013-10-16,16.06,9.62,66.94386694386695,
2013-10-15,15.93,9.52,67.33193277310924,
2013-10-11,16.01,9.46,69.23890063424946,
2013-10-10,15.99,9.41,69.92561105207227,
2013-10-09,15.78,9.23,70.96424702058503,
2013-10-08,15.71,9.24,70.02164502164503,
2013-10-07,15.64,9.44,65.67796610169493,
2013-10-04,15.56,9.5,63.78947368421053,
2013-10-03,15.58,9.43,65.21739130434783,
2013-10-02,15.58,9.52,63.655462184873954,
2013-10-01,15.59,9.52,63.76050420168068,
2013-09-30,15.52,9.44,64.40677966101696,
2013-09-27,15.51,9.45,64.12698412698413,
2013-09-26,15.5,9.46,63.847780126849884,
2013-09-25,15.45,9.43,63.83881230116649,
2013-09-24,15.56,9.43,65.00530222693533,
2013-09-23,15.37,9.44,62.817796610169495,
2013-09-20,15.31,9.46,61.839323467230436,
2013-09-19,15.39,9.49,62.170706006322455,
2013-09-18,15.52,9.44,64.40677966101696,
2013-09-17,15.47,9.33,65.80921757770632,
2013-09-16,15.47,9.27,66.88241639697952,
2013-09-13,15.41,9.3,65.69892473118279,
2013-09-12,15.49,9.27,67.09816612729234,
2013-09-11,15.74,9.29,69.42949407965557,
2013-09-10,15.76,9.33,68.91747052518757,
2013-09-09,15.55,9.28,67.56465517241381,
2013-09-06,15.57,9.2,69.23913043478262,
2013-09-05,15.57,9.18,69.6078431372549,
2013-09-04,15.45,9.15,68.85245901639342,
2013-09-03,15.33,9.03,69.76744186046513,
2013-08-30,15.38,9.01,70.69922308546062,
2013-08-29,15.27,9.06,68.54304635761588,
2013-08-28,15.21,9.03,68.4385382059801,
2013-08-27,15.2,8.97,69.45373467112596,
2013-08-26,15.41,9.11,69.15477497255765,
2013-08-23,15.42,9.14,68.70897155361048,
2013-08-22,15.35,9.08,69.05286343612335,
2013-08-21,15.39,9.0,71.00000000000001,
2013-08-20,15.36,9.04,69.91150442477877,
2013-08-19,15.46,9.06,70.6401766004415,
2013-08-16,15.46,9.01,71.58712541620423,
2013-08-15,15.41,9.01,71.03218645948947,
2013-08-14,15.55,9.19,69.20565832426551,
2013-08-13,15.68,9.2,70.43478260869567,
2013-08-12,15.85,9.15,73.22404371584699,
2013-08-09,15.92,9.13,74.37020810514785,
2013-08-08,15.96,9.18,73.85620915032682,
2013-08-07,15.84,9.08,74.44933920704845,
2013-08-06,15.94,9.13,74.58926615553119,
2013-08-02,16.16,9.16,76.41921397379913,
2013-08-01,16.12,9.11,76.94840834248082,
2013-07-31,16.26,9.08,79.07488986784142,
2013-07-30,16.3,9.02,80.70953436807096,
2013-07-29,16.22,8.96,81.0267857142857,
2013-07-26,16.21,8.96,80.91517857142856,
2013-07-25,16.24,8.9,82.47191011235952,
2013-07-24,16.29,8.9,83.03370786516852,
2013-07-23,16.07,8.89,80.76490438695161,
2013-07-22,16.03,8.93,79.50727883538636,
2013-07-19,16.06,8.89,80.652418447694,
2013-07-18,16.15,8.99,79.64404894327029,
2013-07-17,16.03,9.02,77.71618625277164,
2013-07-16,15.91,8.97,77.3690078037904,
2013-07-15,16.18,9.01,79.57824639289677,
2013-07-12,14.98,8.98,66.815144766147,
2013-07-11,15.02,8.92,68.38565022421524,
2013-07-10,14.78,8.78,68.33712984054671,
2013-07-09,14.69,8.72,68.46330275229356,
2013-07-08,14.82,8.66,71.13163972286374,
2013-07-05,14.82,8.63,71.72653534183081,
2013-07-04,14.9,8.69,71.46144994246262,
2013-07-03,14.83,8.56,73.24766355140187,
2013-07-02,15.1,8.47,78.27626918536008,
2013-06-28,15.04,8.54,76.11241217798596,
2013-06-27,14.95,8.5,75.88235294117646,
2013-06-26,14.94,8.46,76.59574468085104,
2013-06-25,14.7,8.37,75.62724014336918,
2013-06-24,14.65,8.26,77.36077481840195,
2013-06-21,14.78,8.37,76.58303464755079,
2013-06-20,14.78,8.43,75.32621589561091,
2013-06-19,14.88,8.75,70.05714285714286,
2013-06-18,14.88,8.84,68.32579185520363,
2013-06-17,14.78,8.77,68.5290763968073,
2013-06-14,14.43,8.74,65.10297482837528,
2013-06-13,14.33,8.72,64.33486238532109,
2013-06-12,14.17,8.64,64.00462962962962,
2013-06-11,14.23,8.77,62.257696693272536,
2013-06-10,14.36,8.8,63.18181818181816,
2013-06-07,14.34,8.82,62.58503401360544,
2013-06-06,14.35,8.66,65.70438799076211,
2013-06-05,14.47,8.68,66.70506912442397,
2013-06-04,14.55,8.74,66.47597254004577,
2013-06-03,14.75,8.71,69.34557979334097,
2013-05-31,14.7,8.83,66.47791619479048,
2013-05-30,14.77,8.9,65.95505617977527,
2013-05-29,14.8,8.86,67.0428893905192,
2013-05-28,14.92,8.88,68.018018018018,
2013-05-27,14.83,8.83,67.95016987542469,
2013-05-24,14.84,8.83,68.06342015855039,
2013-05-23,14.88,8.83,68.51642129105323,
2013-05-22,15.08,8.95,68.49162011173185,
2013-05-21,15.2,8.93,70.2127659574468,
2013-05-17,15.02,8.91,68.57463524130189,
2013-05-16,14.83,8.82,68.140589569161,
2013-05-15,14.76,8.82,67.3469387755102,
2013-05-14,14.81,8.83,67.72366930917327,
2013-05-13,14.79,8.78,68.45102505694761,
2013-05-10,14.75,8.75,68.57142857142857,
2013-05-09,14.81,8.75,69.25714285714287,
2013-05-08,14.86,8.72,70.41284403669724,
2013-05-07,14.67,8.68,69.00921658986175,
2013-05-06,14.71,8.7,69.08045977011497,
2013-05-03,14.76,8.64,70.83333333333331,
2013-05-02,14.7,8.54,72.13114754098362,
2013-05-01,14.53,8.44,72.1563981042654,
2013-04-30,14.54,8.48,71.46226415094338,
2013-04-29,14.3,8.42,69.83372921615202,
2013-04-26,14.25,8.33,71.06842737094837,
2013-04-25,14.25,8.38,70.04773269689736,
2013-04-24,14.21,8.34,70.38369304556356,
2013-04-23,14.18,8.32,70.4326923076923,
2013-04-22,14.13,8.19,72.52747252747255,
2013-04-19,14.19,8.17,73.68421052631578,
2013-04-18,14.08,8.05,74.90683229813662,
2013-04-17,13.95,8.19,70.32967032967034,
2013-04-16,13.95,8.34,67.2661870503597,
2013-04-15,13.88,8.24,68.44660194174757,
2013-04-12,13.9,8.36,66.26794258373208,
2013-04-11,13.9,8.4,65.47619047619048,
2013-04-10,13.85,8.39,65.07747318235994,
2013-04-09,13.77,8.25,66.9090909090909,
2013-04-08,13.67,8.17,67.31946144430844,
2013-04-05,13.67,8.13,68.14268142681425,
2013-04-04,13.72,8.19,67.52136752136754,
2013-04-03,13.71,8.2,67.19512195121953,
2013-04-02,13.89,8.26,68.15980629539953,
2013-04-01,13.77,8.22,67.51824817518246,
2013-03-28,13.84,8.26,67.5544794188862,
2013-03-27,13.77,8.24,67.11165048543688,
2013-03-26,13.7,8.24,66.26213592233007,
2013-03-25,13.69,8.19,67.15506715506716,
2013-03-22,13.64,8.21,66.1388550548112,
2013-03-21,13.66,8.17,67.19706242350063,
2013-03-20,13.67,8.25,65.6969696969697,
2013-03-19,13.58,8.14,66.83046683046682,
2013-03-18,13.61,8.2,65.97560975609757,
2013-03-15,13.63,8.21,66.01705237515225,
2013-03-14,13.57,8.24,64.68446601941747,
2013-03-13,13.56,8.21,65.16443361753957,
2013-03-12,13.68,8.22,66.42335766423356,
2013-03-11,13.76,8.23,67.1931956257594,
2013-03-08,13.79,8.23,67.55771567436207,
2013-03-07,13.77,8.21,67.72228989037757,
2013-03-06,13.73,8.21,67.23507917174176,
2013-03-05,13.67,8.21,66.50426309378804,
2013-03-04,13.72,8.07,70.01239157372987,
2013-03-01,13.65,8.05,69.56521739130433,
2013-02-28,13.69,8.05,70.06211180124221,
2013-02-27,13.48,8.06,67.2456575682382,
2013-02-26,13.4,7.95,68.55345911949685,
2013-02-25,13.37,8.0,67.12499999999999,
2013-02-22,13.5,8.0,68.75,
2013-02-21,13.48,7.93,69.98738965952082,
2013-02-20,13.46,8.04,67.41293532338311,
2013-02-19,13.55,8.16,66.05392156862746,
2013-02-15,13.42,8.08,66.0891089108911,
2013-02-14,13.37,8.1,65.06172839506172,
2013-02-13,13.43,8.11,65.59802712700372,
2013-02-12,13.47,8.1,66.2962962962963,
2013-02-11,13.47,8.13,65.68265682656825,
2013-02-08,13.52,8.12,66.5024630541872,
2013-02-07,13.49,8.02,68.20448877805487,
2013-02-06,13.32,8.04,65.6716417910448,
2013-02-05,13.19,8.06,63.64764267990073,
2013-02-04,13.07,7.96,64.19597989949749,
2013-02-01,13.11,8.08,62.25247524752474,
2013-01-31,13.18,8.0,64.75,
2013-01-30,13.18,8.01,64.54431960049938,
2013-01-29,13.16,8.05,63.478260869565204,
2013-01-28,13.15,8.05,63.354037267080734,
2013-01-25,13.14,8.0,64.25,
2013-01-24,13.13,7.98,64.53634085213032,
2013-01-23,13.09,8.09,61.804697156983934,
2013-01-22,13.14,8.02,63.84039900249378,
2013-01-21,13.14,8.01,64.04494382022473,
2013-01-18,13.14,8.01,64.04494382022473,
2013-01-17,13.29,8.05,65.09316770186334,
2013-01-16,13.19,8.02,64.46384039900249,
2013-01-15,13.18,7.95,65.78616352201257,
2013-01-14,13.13,8.02,63.715710723192046,
2013-01-11,13.1,8.05,62.73291925465837,
2013-01-10,13.03,8.04,62.064676616915435,
2013-01-09,12.98,7.99,62.45306633291615,
2013-01-08,13.04,7.95,64.02515723270439,
2013-01-07,13.08,7.94,64.73551637279597,
2013-01-04,13.15,7.98,64.78696741854635,
2013-01-03,13.12,8.03,63.387297633872976,
2013-01-02,13.2,8.0,64.99999999999999,
2012-12-31,13.12,7.71,70.16861219195849,
2012-12-28,13.08,7.68,70.31250000000001,
2012-12-27,13.08,7.63,71.42857142857143,
2012-12-24,13.08,7.75,68.7741935483871,
2012-12-21,13.16,7.87,67.21728081321474,
2012-12-20,13.14,7.95,65.28301886792454,
2012-12-19,13.09,8.0,63.625,
2012-12-18,13.08,7.98,63.90977443609022,
2012-12-17,13.08,7.85,66.62420382165605,
2012-12-14,13.07,7.76,68.42783505154641,
2012-12-13,13.13,7.89,66.4131812420786,
2012-12-12,13.12,7.9,66.0759493670886,
2012-12-11,13.05,7.93,64.56494325346786,
2012-12-10,12.92,7.82,65.21739130434781,
2012-12-07,12.84,7.8,64.61538461538461,
2012-12-06,12.81,7.84,63.39285714285715,
2012-12-05,12.58,7.8,61.282051282051285,
2012-12-04,12.58,7.84,60.4591836734694,
2012-12-03,12.58,7.9,59.24050632911392,
2012-11-30,12.49,7.9,58.10126582278481,
2012-11-29,12.39,7.92,56.439393939393945,
2012-11-28,12.28,7.86,56.23409669211195,
2012-11-27,12.28,7.83,56.83269476372924,
2012-11-26,12.34,7.83,57.59897828863346,
2012-11-23,12.41,7.77,59.71685971685973,
2012-11-22,12.3,7.73,59.120310478654595,
2012-11-21,12.3,7.69,59.9479843953186,
2012-11-20,12.35,7.65,61.43790849673202,
2012-11-19,12.35,7.64,61.64921465968587,
2012-11-16,12.39,7.38,67.88617886178862,
2012-11-15,12.39,7.44,66.53225806451613,
2012-11-14,12.39,7.47,65.86345381526105,
2012-11-13,12.37,7.57,63.40819022457066,
2012-11-12,12.26,7.63,60.68152031454783,
2012-11-09,12.26,7.64,60.47120418848168,
2012-11-08,12.26,7.63,60.68152031454783,
2012-11-07,12.3,7.73,59.120310478654595,
2012-11-06,12.46,7.88,58.12182741116752,
2012-11-05,12.46,7.85,58.72611464968155,
2012-11-02,12.46,7.83,59.1315453384419,
2012-11-01,12.34,7.93,55.61160151324086,
2012-10-31,12.34,7.81,58.00256081946223,
2012-10-30,12.34,7.74,59.43152454780362,
2012-10-29,12.26,7.74,58.397932816537455,
2012-10-26,12.27,7.87,55.90851334180431,
2012-10-25,12.26,7.83,56.5772669220945,
2012-10-24,12.26,7.82,56.777493606138094,
2012-10-23,12.26,7.85,56.178343949044596,
2012-10-22,12.26,7.87,55.781448538754766,
2012-10-19,12.27,7.9,55.31645569620252,
2012-10-18,12.31,8.07,52.54027261462206,
2012-10-17,12.37,8.18,51.22249388753056,
2012-10-16,12.36,8.2,50.73170731707317,
2012-10-15,12.25,8.07,51.79677819083023,
2012-10-12,12.25,8.03,52.55292652552927,
2012-10-11,12.28,8.05,52.54658385093166,
2012-10-10,12.23,8.05,51.92546583850931,
2012-10-09,12.2,8.1,50.617283950617285,
2012-10-05,12.16,8.28,46.859903381642525,
2012-10-04,12.26,8.34,47.00239808153477,
2012-10-03,12.16,8.3,46.50602409638553,
2012-10-02,12.16,8.23,47.75212636695018,
2012-10-01,12.16,8.26,47.21549636803874,
2012-09-28,12.13,8.27,46.674727932285386,
2012-09-27,12.13,8.32,45.79326923076923,
2012-09-26,12.05,8.19,47.13064713064715,
2012-09-25,12.07,8.32,45.07211538461539,
2012-09-24,12.03,8.37,43.72759856630825,
2012-09-21,11.99,8.4,42.738095238095234,
2012-09-20,12.06,8.4,43.57142857142857,
2012-09-19,12.13,8.43,43.89086595492291,
2012-09-18,12.22,8.39,45.649582836710366,
2012-09-17,12.22,8.39,45.649582836710366,
2012-09-14,12.21,8.4,45.35714285714286,
2012-09-13,12.26,8.34,47.00239808153477,
2012-09-12,12.34,8.2,50.48780487804879,
2012-09-11,12.39,8.2,51.09756097560978,
2012-09-10,12.39,8.33,48.73949579831933,
2012-09-07,12.42,8.31,49.45848375451263,
2012-09-06,12.28,8.32,47.59615384615383,
2012-09-05,12.28,8.14,50.85995085995084,
2012-09-04,12.32,8.13,51.537515375153745,
2012-08-31,12.34,8.14,51.59705159705158,
2012-08-30,12.44,8.11,53.39087546239212,
2012-08-29,12.4,8.16,51.9607843137255,
2012-08-28,12.47,8.21,51.887941534713754,
2012-08-27,12.44,8.21,51.52253349573689,
2012-08-24,12.44,8.18,52.07823960880196,
2012-08-23,12.44,8.16,52.45098039215685,
2012-08-22,12.5,8.19,52.62515262515264,
2012-08-21,12.5,8.15,53.37423312883435,
2012-08-20,12.44,8.18,52.07823960880196,
2012-08-17,12.44,8.16,52.45098039215685,
2012-08-16,12.42,8.16,52.20588235294117,
2012-08-15,12.42,8.02,54.862842892768086,
2012-08-14,12.42,8.06,54.09429280397021,
2012-08-13,12.42,8.01,55.0561797752809,
2012-08-10,12.42,7.97,55.834378920953576,
2012-08-09,12.3,8.01,53.55805243445694,
2012-08-08,12.22,7.98,53.1328320802005,
2012-08-07,12.22,8.0,52.75000000000001,
2012-08-03,12.1,7.88,53.55329949238579,
2012-08-02,12.1,7.78,55.52699228791773,
2012-08-01,12.1,7.78,55.52699228791773,
2012-07-31,12.05,7.78,54.88431876606684,
2012-07-30,12.1,7.77,55.72715572715573,
2012-07-27,12.1,7.57,59.84147952443857,
2012-07-26,12.03,7.57,58.916776750330236,
2012-07-25,11.97,7.46,60.45576407506703,
2012-07-24,12.09,7.54,60.3448275862069,
2012-07-23,12.08,7.6,58.94736842105264,
2012-07-20,12.2,7.71,58.236057068741886,
2012-07-19,12.21,7.8,56.53846153846155,
2012-07-18,12.19,7.74,57.493540051679574,
2012-07-17,12.12,7.63,58.84665792922673,
2012-07-16,12.13,7.59,59.81554677206853,
2012-07-13,12.05,7.59,58.761528326745726,
2012-07-12,12.05,7.49,60.881174899866494,
2012-07-11,12.1,7.53,60.69057104913678,
2012-07-10,11.89,7.57,57.067371202113605,
2012-07-09,11.92,7.64,56.020942408376975,
2012-07-06,12.04,7.83,53.76756066411238,
2012-07-05,12.04,7.83,53.76756066411238,
2012-07-04,12.02,7.83,53.51213282247764,
2012-07-03,12.02,7.81,53.90524967989757,
2012-06-29,11.81,7.69,53.57607282184655,
2012-06-28,11.79,7.42,58.89487870619945,
2012-06-27,11.78,7.53,56.44090305444885,
2012-06-26,11.78,7.5,57.066666666666656,
2012-06-25,11.78,7.46,57.90884718498659,
2012-06-22,11.78,7.56,55.820105820105816,
2012-06-21,11.86,7.53,57.50332005312083,
2012-06-20,11.86,7.73,53.42820181112546,
2012-06-19,11.64,7.73,50.58214747736093,
2012-06-18,11.55,7.65,50.980392156862756,
2012-06-15,11.5,7.54,52.51989389920424,
2012-06-14,11.67,7.47,56.22489959839358,
2012-06-13,11.67,7.47,56.22489959839358,
2012-06-12,11.57,7.51,54.061251664447404,
2012-06-11,11.6,7.52,54.255319148936174,
2012-06-08,11.7,7.48,56.417112299465224,
2012-06-07,11.67,7.53,54.980079681274894,
2012-06-06,11.67,7.48,56.016042780748656,
2012-06-05,11.55,7.35,57.14285714285716,
2012-06-04,11.57,7.26,59.36639118457301,
2012-06-01,11.57,7.27,59.14718019257222,
2012-05-31,11.68,7.46,56.568364611260044,
2012-05-30,11.64,7.49,55.407209612817084,
2012-05-29,11.64,7.54,54.376657824933694,
2012-05-28,11.64,7.45,56.241610738255034,
2012-05-25,11.7,7.45,57.046979865771796,
2012-05-24,11.57,7.45,55.302013422818796,
2012-05-23,11.57,7.53,53.65205843293492,
2012-05-22,11.62,7.49,55.14018691588783,
2012-05-18,11.68,7.3,60.0,
2012-05-17,11.68,7.41,57.624831309041824,
2012-05-16,11.73,7.66,53.13315926892951,
2012-05-15,11.81,7.63,54.78374836173002,
2012-05-14,11.87,7.67,54.75880052151238,
2012-05-11,11.87,7.73,53.557567917205674,
2012-05-10,11.87,7.73,53.557567917205674,
2012-05-09,11.84,7.75,52.774193548387096,
2012-05-08,11.97,7.77,54.05405405405407,
2012-05-07,11.97,7.82,53.069053708439895,
2012-05-04,11.92,7.81,52.62483994878362,
2012-05-03,12.07,8.0,50.875,
2012-05-02,12.12,8.07,50.18587360594794,
2012-05-01,12.12,8.09,49.81458590852904,
2012-04-30,12.12,8.05,50.559006211180105,
2012-04-27,11.97,8.11,47.595561035758344,
2012-04-26,11.97,8.05,48.69565217391304,
2012-04-25,11.97,8.0,49.62500000000001,
2012-04-24,11.96,7.8,53.33333333333334,
2012-04-23,11.94,7.84,52.295918367346935,
2012-04-20,11.89,7.92,50.12626262626263,
2012-04-19,11.65,7.92,47.0959595959596,
2012-04-18,11.65,8.05,44.720496894409926,
2012-04-17,11.65,8.06,44.5409429280397,
2012-04-16,11.65,7.9,47.46835443037975,
2012-04-13,11.65,8.0,45.62500000000001,
2012-04-12,11.71,8.05,45.46583850931677,
2012-04-11,11.7,7.99,46.43304130162702,
2012-04-10,11.68,7.95,46.91823899371069,
2012-04-09,11.76,8.05,46.08695652173911,
2012-04-05,11.76,8.17,43.94124847001224,
2012-04-04,11.76,8.12,44.82758620689656,
2012-04-03,11.76,8.2,43.41463414634148,
2012-04-02,11.79,8.23,43.25637910085053,
2012-03-30,11.67,8.14,43.36609336609335,
2012-03-29,11.71,8.12,44.21182266009855,
2012-03-28,11.71,8.18,43.154034229828866,
2012-03-27,11.67,8.23,41.79829890643985,
2012-03-26,11.67,8.14,43.36609336609335,
2012-03-23,11.55,8.04,43.656716417910474,
2012-03-22,11.5,8.04,43.034825870646785,
2012-03-21,11.5,8.12,41.62561576354681,
2012-03-20,11.43,8.06,41.81141439205954,
2012-03-19,11.46,8.08,41.83168316831684,
2012-03-16,11.32,8.02,41.147132169576075,
2012-03-15,11.32,8.02,41.147132169576075,
2012-03-14,11.32,7.98,41.854636591478695,
2012-03-13,11.25,7.92,42.04545454545455,
2012-03-12,11.18,7.81,43.149807938540334,
2012-03-09,11.11,7.81,42.25352112676056,
2012-03-08,10.83,7.77,39.38223938223939,
2012-03-07,10.83,7.69,40.832249674902464,
2012-03-06,10.7,7.63,40.235910878112705,
2012-03-05,10.71,7.71,38.91050583657589,
2012-03-02,10.78,7.78,38.56041131105397,
2012-03-01,10.78,7.78,38.56041131105397,
2012-02-29,10.78,7.75,39.09677419354838,
2012-02-28,10.68,7.77,37.45173745173746,
2012-02-27,10.56,7.7,37.142857142857146,
2012-02-24,10.56,7.7,37.142857142857146,
2012-02-23,10.6,7.64,38.7434554973822,
2012-02-22,10.78,7.62,41.46981627296587,
2012-02-21,10.73,7.61,40.99868593955322,
2012-02-17,10.69,7.64,39.92146596858639,
2012-02-16,10.7,7.66,39.68668407310704,
2012-02-15,10.67,7.56,41.13756613756615,
2012-02-14,10.63,7.56,40.60846560846563,
2012-02-13,10.63,7.57,40.422721268163805,
2012-02-10,10.6,7.51,41.145139813581885,
2012-02-09,10.74,7.57,41.87582562747688,
2012-02-08,10.8,7.51,43.80825565912119,
2012-02-07,10.76,7.47,44.042838018741634,
2012-02-06,10.76,7.45,44.429530201342274,
2012-02-03,10.73,7.46,43.83378016085791,
2012-02-02,10.8,7.36,46.73913043478261,
2012-02-01,10.8,7.35,46.9387755102041,
2012-01-31,10.92,7.28,49.99999999999999,
2012-01-30,10.75,7.24,48.48066298342541,
2012-01-27,10.75,7.26,48.07162534435262,
2012-01-26,10.75,7.22,48.89196675900278,
2012-01-25,10.78,7.24,48.89502762430938,
2012-01-24,10.78,7.17,50.3486750348675,
